event_id,station,observation_date,observation_time_utc,rainfall_mm,cumulative_rainfall_mm,accumulation_period_hours,observation_type,source,source_quality
E001,Santacruz,2005-07-26,03:00,0.9,0.9,3,3h_interval_derived_from_IMD_cumulative,"IMD MAUSAM Diamond Jubilee Volume, Table 7",verified
E001,Santacruz,2005-07-26,06:00,0.0,0.9,3,3h_interval_derived_from_IMD_cumulative,"IMD MAUSAM Diamond Jubilee Volume, Table 7",verified
E001,Santacruz,2005-07-26,09:00,17.5,18.4,3,3h_interval_derived_from_IMD_cumulative,"IMD MAUSAM Diamond Jubilee Volume, Table 7",verified
E001,Santacruz,2005-07-26,12:00,431.7,450.1,3,3h_interval_derived_from_IMD_cumulative,"IMD MAUSAM Diamond Jubilee Volume, Table 7",verified
E001,Santacruz,2005-07-26,15:00,217.6,667.7,3,3h_interval_derived_from_IMD_cumulative,"IMD MAUSAM Diamond Jubilee Volume, Table 7",verified
E001,Santacruz,2005-07-26,18:00,101.2,768.9,3,3h_interval_derived_from_IMD_cumulative,"IMD MAUSAM Diamond Jubilee Volume, Table 7",verified
E001,Santacruz,2005-07-26,21:00,116.1,885.0,3,3h_interval_derived_from_IMD_cumulative,"IMD MAUSAM Diamond Jubilee Volume, Table 7",verified
E001,Santacruz,2005-07-27,00:00,11.0,896.0,3,3h_interval_derived_from_IMD_cumulative,"IMD MAUSAM Diamond Jubilee Volume, Table 7",verified
E001,Santacruz,2005-07-27,03:00,48.2,944.2,3,3h_interval_derived_from_IMD_cumulative,"IMD MAUSAM Diamond Jubilee Volume, Table 7",verified
E002,Santacruz,2020-07-15,,106.0,,24,24h_accumulated,IMD Special Bulletin - 15 July 2020,verified
E002,Santacruz,2020-07-15,,63.0,,3,3h_accumulated,IMD Special Bulletin - 15 July 2020,verified
