object_type,node_id,grid_id,first_flood_time,peak_flood_time,peak_depth_m,peak_flood_volume_m3,total_flood_volume_m3,flood_duration_minutes,event_basis,surface_depth_m,nearest_node,node_distance_m,nearest_node_peak_depth_proxy_m,allocated_node_overflow_volume_proxy_m3,node_flood_duration_proxy_minutes,grid_surface_depth_m,spatial_allocation
node,N_2175078703_d8c6355,,2005-07-26T10:00:00,2005-07-26T10:45:00,1.7948999404907229,1413.446581363678,5071.561377122998,120.0,DIRECT_SWMM_NODE_FLOODING,,,,,,,,
node,N_2175079604_0163657,,2005-07-26T09:30:00,2005-07-26T10:45:00,1.8179999589920044,7096.143579483032,69728.68125289679,330.0,DIRECT_SWMM_NODE_FLOODING,,,,,,,,
node,N_2175086001_d6cf941,,2005-07-26T09:15:00,2005-07-26T10:45:00,5.529600143432617,7428.531074523926,72852.60367356241,630.0,DIRECT_SWMM_NODE_FLOODING,,,,,,,,
node,N_2176071704_56ea7ff,,2005-07-26T10:15:00,2005-07-26T10:45:00,2.690000057220459,4845.248794555664,13855.082631111145,60.0,DIRECT_SWMM_NODE_FLOODING,,,,,,,,
node,N_2176086201_8b05bc4,,2005-07-26T10:45:00,2005-07-26T10:45:00,3.1589999198913574,573.5557436943054,573.5557436943054,15.0,DIRECT_SWMM_NODE_FLOODING,,,,,,,,
node,N_2176087403_6b00b44,,2005-07-26T10:30:00,2005-07-26T10:30:00,3.1833999156951904,4358.649730682373,7888.071370124817,30.0,DIRECT_SWMM_NODE_FLOODING,,,,,,,,
node,N_2176089501_b82b51d,,2005-07-26T10:15:00,2005-07-26T10:45:00,2.8159000873565674,30736.51885986328,99181.37011528015,75.0,DIRECT_SWMM_NODE_FLOODING,,,,,,,,
node,N_2176109301_1b777ce,,2005-07-26T10:30:00,2005-07-26T10:45:00,4.617199897766113,908.7104201316833,1816.601586341858,30.0,DIRECT_SWMM_NODE_FLOODING,,,,,,,,
node,N_2177092501_2349ecf,,2005-07-26T10:15:00,2005-07-26T10:30:00,3.2309999465942383,38167.57164001465,161719.24438476562,105.0,DIRECT_SWMM_NODE_FLOODING,,,,,,,,
node,N_2177092503_6be653c,,2005-07-26T10:45:00,2005-07-26T10:45:00,2.8510000705718994,3.2918791053816,3.2918791053816,15.0,DIRECT_SWMM_NODE_FLOODING,,,,,,,,
node,N_2177092504_8230f1d,,2005-07-26T10:15:00,2005-07-26T10:45:00,3.253000020980835,6.33708047680551,10.97047354560336,45.0,DIRECT_SWMM_NODE_FLOODING,,,,,,,,
node,N_2177092507_3af6afc,,2005-07-26T10:15:00,2005-07-26T10:30:00,2.8189001083374023,4209.4566822052,8953.90256345272,60.0,DIRECT_SWMM_NODE_FLOODING,,,,,,,,
node,N_2177098803_506dd33,,2005-07-26T10:15:00,2005-07-26T10:45:00,2.8554000854492188,15519.584083557129,46971.74892425537,60.0,DIRECT_SWMM_NODE_FLOODING,,,,,,,,
node,N_2177100302_044deef,,2005-07-26T10:15:00,2005-07-26T10:30:00,4.426000118255615,2007.1043014526367,5252.172303199768,60.0,DIRECT_SWMM_NODE_FLOODING,,,,,,,,
node,N_2177101203_bc9e3b7,,2005-07-26T10:15:00,2005-07-26T10:45:00,4.143499851226807,4304.587125778198,15178.533053398132,60.0,DIRECT_SWMM_NODE_FLOODING,,,,,,,,
node,N_2177105002_2022399,,2005-07-26T10:30:00,2005-07-26T10:30:00,3.7613000869750977,288.06535899639124,310.64595635980356,45.0,DIRECT_SWMM_NODE_FLOODING,,,,,,,,
node,N_2177105003_fe336ac,,2005-07-26T10:15:00,2005-07-26T10:45:00,3.759299993515015,3761.5822792053223,10133.345532417297,60.0,DIRECT_SWMM_NODE_FLOODING,,,,,,,,
node,N_2177110104_9b7fec1,,2005-07-26T10:30:00,2005-07-26T10:30:00,5.006700038909912,635.3914439678192,1259.4682574272156,30.0,DIRECT_SWMM_NODE_FLOODING,,,,,,,,
node,N_2177113701_56aee60,,2005-07-26T10:15:00,2005-07-26T10:30:00,3.625499963760376,1521.4496970176697,3374.479115009308,60.0,DIRECT_SWMM_NODE_FLOODING,,,,,,,,
node,N_2177113702_06ae46b,,2005-07-26T09:45:00,2005-07-26T10:45:00,4.663000106811523,5848.23145866394,34420.527255535126,180.0,DIRECT_SWMM_NODE_FLOODING,,,,,,,,
node,N_2177113703_9fb76ca,,2005-07-26T10:15:00,2005-07-26T10:45:00,4.144999980926514,1929.5700073242188,7441.420966386795,75.0,DIRECT_SWMM_NODE_FLOODING,,,,,,,,
node,N_2177113801_c413eb2,,2005-07-26T10:00:00,2005-07-26T10:45:00,4.9608001708984375,5632.783126831055,30191.082966327667,120.0,DIRECT_SWMM_NODE_FLOODING,,,,,,,,
node,N_2177113802_1f1efe6,,2005-07-26T10:30:00,2005-07-26T10:45:00,5.894599914550781,285.26019752025604,563.0794107913971,30.0,DIRECT_SWMM_NODE_FLOODING,,,,,,,,
node,N_2177113803_64e8895,,2005-07-26T10:15:00,2005-07-26T10:45:00,6.4766998291015625,4798.732852935791,12963.67814540863,60.0,DIRECT_SWMM_NODE_FLOODING,,,,,,,,
node,N_2177113804_f43206c,,2005-07-26T10:30:00,2005-07-26T10:45:00,7.146699905395508,331.326761841774,653.3398747444153,30.0,DIRECT_SWMM_NODE_FLOODING,,,,,,,,
node,N_2177116701_85db9bd,,2005-07-26T09:15:00,2005-07-26T10:30:00,4.74399995803833,3376.4365911483765,37590.11009037495,630.0,DIRECT_SWMM_NODE_FLOODING,,,,,,,,
node,N_2177117802_b3e07d8,,2005-07-26T09:15:00,2005-07-26T10:45:00,7.027200222015381,14573.300743103027,233624.13230091333,600.0,DIRECT_SWMM_NODE_FLOODING,,,,,,,,
node,N_2177129101_3fcd860,,2005-07-26T10:00:00,2005-07-26T10:45:00,10.21049976348877,11227.078056335451,44266.735339164734,120.0,DIRECT_SWMM_NODE_FLOODING,,,,,,,,
node,N_2178110902_f84244f,,2005-07-26T09:45:00,2005-07-26T10:45:00,6.581999778747559,8969.383335113525,58625.87574720383,180.0,DIRECT_SWMM_NODE_FLOODING,,,,,,,,
node,N_2178138601_476f250,,2005-07-26T10:30:00,2005-07-26T10:45:00,4.705999851226807,222.29066044092176,444.5612579584121,30.0,DIRECT_SWMM_NODE_FLOODING,,,,,,,,
node,N_2178139601_289c84b,,2005-07-26T10:30:00,2005-07-26T10:45:00,6.173900127410889,2504.3352127075195,5004.309797286987,30.0,DIRECT_SWMM_NODE_FLOODING,,,,,,,,
node,N_2178143302_38c358e,,2005-07-26T10:00:00,2005-07-26T10:45:00,7.900899887084961,4664.637422561646,20615.99943637848,120.0,DIRECT_SWMM_NODE_FLOODING,,,,,,,,
node,N_2178143303_6328d44,,2005-07-26T10:00:00,2005-07-26T10:45:00,9.411399841308594,22040.623855590817,86948.6866235733,120.0,DIRECT_SWMM_NODE_FLOODING,,,,,,,,
node,N_2178143402_228b9aa,,2005-07-26T10:30:00,2005-07-26T10:45:00,23.27560043334961,1902.862286567688,3763.9668703079224,30.0,DIRECT_SWMM_NODE_FLOODING,,,,,,,,
node,N_2178148801_a1e1e39,,2005-07-26T09:45:00,2005-07-26T10:45:00,6.990200042724609,65500.804138183594,399302.5978446007,195.0,DIRECT_SWMM_NODE_FLOODING,,,,,,,,
node,N_2179130602_fa94698,,2005-07-26T10:30:00,2005-07-26T10:45:00,6.566800117492676,513.2861852645874,1005.6815564632416,30.0,DIRECT_SWMM_NODE_FLOODING,,,,,,,,
node,N_2179141601_f5fa501,,2005-07-26T10:15:00,2005-07-26T10:45:00,7.955699920654297,14784.823608398438,43738.24553489685,60.0,DIRECT_SWMM_NODE_FLOODING,,,,,,,,
grid_hydraulic_proxy,N_2175086001_d6cf941,23249.0,2005-07-26T09:15:00,2005-07-26T10:45:00,,,,,HYDRAULIC_PROXY; direct node overflow assigned to nearest grid cell once,,N_2175086001_d6cf941,49.088232720239056,,,,,overflow node assigned once to nearest pilot cell; not a surface flood depth
grid_hydraulic_proxy,N_2176071704_56ea7ff,24668.0,2005-07-26T10:15:00,2005-07-26T10:45:00,,,,,HYDRAULIC_PROXY; direct node overflow assigned to nearest grid cell once,,N_2176071704_56ea7ff,80.09934119065112,,,,,overflow node assigned once to nearest pilot cell; not a surface flood depth
grid_hydraulic_proxy,N_2176087403_6b00b44,26065.0,2005-07-26T10:30:00,2005-07-26T10:30:00,,,,,HYDRAULIC_PROXY; direct node overflow assigned to nearest grid cell once,,N_2176087403_6b00b44,178.72137572130296,,,,,overflow node assigned once to nearest pilot cell; not a surface flood depth
grid_hydraulic_proxy,N_2176109301_1b777ce,26911.0,2005-07-26T10:30:00,2005-07-26T10:45:00,,,,,HYDRAULIC_PROXY; direct node overflow assigned to nearest grid cell once,,N_2176109301_1b777ce,15.503772765036915,,,,,overflow node assigned once to nearest pilot cell; not a surface flood depth
grid_hydraulic_proxy,N_2177092501_2349ecf,27450.0,2005-07-26T10:15:00,2005-07-26T10:30:00,,,,,HYDRAULIC_PROXY; direct node overflow assigned to nearest grid cell once,,N_2177092501_2349ecf,80.04272179571626,,,,,overflow node assigned once to nearest pilot cell; not a surface flood depth
grid_hydraulic_proxy,N_2177092507_3af6afc,27992.0,2005-07-26T10:15:00,2005-07-26T10:30:00,,,,,HYDRAULIC_PROXY; direct node overflow assigned to nearest grid cell once,,N_2177092507_3af6afc,120.99492924064792,,,,,overflow node assigned once to nearest pilot cell; not a surface flood depth
grid_hydraulic_proxy,N_2177098803_506dd33,29643.0,2005-07-26T10:15:00,2005-07-26T10:45:00,,,,,HYDRAULIC_PROXY; direct node overflow assigned to nearest grid cell once,,N_2177098803_506dd33,119.70111575534068,,,,,overflow node assigned once to nearest pilot cell; not a surface flood depth
grid_hydraulic_proxy,N_2177100302_044deef,27186.0,2005-07-26T10:15:00,2005-07-26T10:30:00,,,,,HYDRAULIC_PROXY; direct node overflow assigned to nearest grid cell once,,N_2177100302_044deef,107.48128912457602,,,,,overflow node assigned once to nearest pilot cell; not a surface flood depth
grid_hydraulic_proxy,N_2177101203_bc9e3b7,27457.0,2005-07-26T10:15:00,2005-07-26T10:45:00,,,,,HYDRAULIC_PROXY; direct node overflow assigned to nearest grid cell once,,N_2177101203_bc9e3b7,52.98464570776488,,,,,overflow node assigned once to nearest pilot cell; not a surface flood depth
grid_hydraulic_proxy,N_2177110104_9b7fec1,27466.0,2005-07-26T10:30:00,2005-07-26T10:30:00,,,,,HYDRAULIC_PROXY; direct node overflow assigned to nearest grid cell once,,N_2177110104_9b7fec1,58.638024452994046,,,,,overflow node assigned once to nearest pilot cell; not a surface flood depth
grid_hydraulic_proxy,N_2177113702_06ae46b,28013.0,2005-07-26T09:45:00,2005-07-26T10:45:00,,,,,HYDRAULIC_PROXY; direct node overflow assigned to nearest grid cell once,,N_2177113702_06ae46b,19.797087924096832,,,,,overflow node assigned once to nearest pilot cell; not a surface flood depth
grid_hydraulic_proxy,N_2177113703_9fb76ca,28284.0,2005-07-26T10:15:00,2005-07-26T10:45:00,,,,,HYDRAULIC_PROXY; direct node overflow assigned to nearest grid cell once,,N_2177113703_9fb76ca,94.65565494175844,,,,,overflow node assigned once to nearest pilot cell; not a surface flood depth
grid_hydraulic_proxy,N_2177113801_c413eb2,28014.0,2005-07-26T10:00:00,2005-07-26T10:45:00,,,,,HYDRAULIC_PROXY; direct node overflow assigned to nearest grid cell once,,N_2177113801_c413eb2,16.298792239168566,,,,,overflow node assigned once to nearest pilot cell; not a surface flood depth
grid_hydraulic_proxy,N_2177113802_1f1efe6,28285.0,2005-07-26T10:30:00,2005-07-26T10:45:00,,,,,HYDRAULIC_PROXY; direct node overflow assigned to nearest grid cell once,,N_2177113802_1f1efe6,75.7275934656253,,,,,overflow node assigned once to nearest pilot cell; not a surface flood depth
grid_hydraulic_proxy,N_2177113803_64e8895,28015.0,2005-07-26T10:15:00,2005-07-26T10:45:00,,,,,HYDRAULIC_PROXY; direct node overflow assigned to nearest grid cell once,,N_2177113803_64e8895,50.33905881328349,,,,,overflow node assigned once to nearest pilot cell; not a surface flood depth
grid_hydraulic_proxy,N_2177113804_f43206c,28286.0,2005-07-26T10:30:00,2005-07-26T10:45:00,,,,,HYDRAULIC_PROXY; direct node overflow assigned to nearest grid cell once,,N_2177113804_f43206c,77.71658440910608,,,,,overflow node assigned once to nearest pilot cell; not a surface flood depth
grid_hydraulic_proxy,N_2177116701_85db9bd,28830.0,2005-07-26T09:15:00,2005-07-26T10:30:00,,,,,HYDRAULIC_PROXY; direct node overflow assigned to nearest grid cell once,,N_2177116701_85db9bd,31.343160528406944,,,,,overflow node assigned once to nearest pilot cell; not a surface flood depth
grid_hydraulic_proxy,N_2177129101_3fcd860,29666.0,2005-07-26T10:00:00,2005-07-26T10:45:00,,,,,HYDRAULIC_PROXY; direct node overflow assigned to nearest grid cell once,,N_2177129101_3fcd860,33.430398045062084,,,,,overflow node assigned once to nearest pilot cell; not a surface flood depth
grid_hydraulic_proxy,N_2178110902_f84244f,29943.0,2005-07-26T09:45:00,2005-07-26T10:45:00,,,,,HYDRAULIC_PROXY; direct node overflow assigned to nearest grid cell once,,N_2178110902_f84244f,64.93103527944571,,,,,overflow node assigned once to nearest pilot cell; not a surface flood depth
grid_hydraulic_proxy,N_2178138601_476f250,32205.0,2005-07-26T10:30:00,2005-07-26T10:45:00,,,,,HYDRAULIC_PROXY; direct node overflow assigned to nearest grid cell once,,N_2178138601_476f250,29.07831132640608,,,,,overflow node assigned once to nearest pilot cell; not a surface flood depth
grid_hydraulic_proxy,N_2178139601_289c84b,32485.0,2005-07-26T10:30:00,2005-07-26T10:45:00,,,,,HYDRAULIC_PROXY; direct node overflow assigned to nearest grid cell once,,N_2178139601_289c84b,42.159335499819406,,,,,overflow node assigned once to nearest pilot cell; not a surface flood depth
grid_hydraulic_proxy,N_2178143302_38c358e,30806.0,2005-07-26T10:00:00,2005-07-26T10:45:00,,,,,HYDRAULIC_PROXY; direct node overflow assigned to nearest grid cell once,,N_2178143302_38c358e,29.006553121296815,,,,,overflow node assigned once to nearest pilot cell; not a surface flood depth
grid_hydraulic_proxy,N_2178143303_6328d44,31088.0,2005-07-26T10:00:00,2005-07-26T10:45:00,,,,,HYDRAULIC_PROXY; direct node overflow assigned to nearest grid cell once,,N_2178143303_6328d44,125.6287531395664,,,,,overflow node assigned once to nearest pilot cell; not a surface flood depth
grid_hydraulic_proxy,N_2178143402_228b9aa,30807.0,2005-07-26T10:30:00,2005-07-26T10:45:00,,,,,HYDRAULIC_PROXY; direct node overflow assigned to nearest grid cell once,,N_2178143402_228b9aa,7.611925524016306,,,,,overflow node assigned once to nearest pilot cell; not a surface flood depth
grid_hydraulic_proxy,N_2178148801_a1e1e39,32217.0,2005-07-26T09:45:00,2005-07-26T10:45:00,,,,,HYDRAULIC_PROXY; direct node overflow assigned to nearest grid cell once,,N_2178148801_a1e1e39,29.87716533456472,,,,,overflow node assigned once to nearest pilot cell; not a surface flood depth
grid_hydraulic_proxy,N_2179130602_fa94698,32764.0,2005-07-26T10:30:00,2005-07-26T10:45:00,,,,,HYDRAULIC_PROXY; direct node overflow assigned to nearest grid cell once,,N_2179130602_fa94698,21.96773064534601,,,,,overflow node assigned once to nearest pilot cell; not a surface flood depth
grid_hydraulic_proxy,N_2179141601_f5fa501,33052.0,2005-07-26T10:15:00,2005-07-26T10:45:00,,,,,HYDRAULIC_PROXY; direct node overflow assigned to nearest grid cell once,,N_2179141601_f5fa501,36.20714088700608,,,,,overflow node assigned once to nearest pilot cell; not a surface flood depth
