subcatchment_id,grid_id,assigned_outlet,outlet_distance_m,mapping_method,classification,confidence,review
SC_24401,24401,N_2175087802_d57e4ad,540.6666398754069,nearest selected Existing-network node to projected cell centroid,UNKNOWN,LOW,Long centroid-to-outlet distance alone does not establish a wrong hydraulic outlet; source network drainage direction/catchment topology is unavailable. Assignment retained.
SC_24402,24402,N_2175087802_d57e4ad,623.3675604929603,nearest selected Existing-network node to projected cell centroid,UNKNOWN,LOW,Long centroid-to-outlet distance alone does not establish a wrong hydraulic outlet; source network drainage direction/catchment topology is unavailable. Assignment retained.
SC_24681,24681,N_2175087701_307a8c8,534.5499829505129,nearest selected Existing-network node to projected cell centroid,UNKNOWN,LOW,Long centroid-to-outlet distance alone does not establish a wrong hydraulic outlet; source network drainage direction/catchment topology is unavailable. Assignment retained.
SC_24682,24682,N_2175087701_307a8c8,606.0756258690817,nearest selected Existing-network node to projected cell centroid,UNKNOWN,LOW,Long centroid-to-outlet distance alone does not establish a wrong hydraulic outlet; source network drainage direction/catchment topology is unavailable. Assignment retained.
SC_24683,24683,N_2175087802_d57e4ad,681.0182343206899,nearest selected Existing-network node to projected cell centroid,UNKNOWN,LOW,Long centroid-to-outlet distance alone does not establish a wrong hydraulic outlet; source network drainage direction/catchment topology is unavailable. Assignment retained.
SC_24684,24684,N_2176100102_06bd050,694.4975543119444,nearest selected Existing-network node to projected cell centroid,UNKNOWN,LOW,Long centroid-to-outlet distance alone does not establish a wrong hydraulic outlet; source network drainage direction/catchment topology is unavailable. Assignment retained.
SC_24685,24685,N_2176100102_06bd050,595.4577675584763,nearest selected Existing-network node to projected cell centroid,UNKNOWN,LOW,Long centroid-to-outlet distance alone does not establish a wrong hydraulic outlet; source network drainage direction/catchment topology is unavailable. Assignment retained.
SC_24956,24956,N_2175087701_307a8c8,500.3986453560653,nearest selected Existing-network node to projected cell centroid,UNKNOWN,LOW,Long centroid-to-outlet distance alone does not establish a wrong hydraulic outlet; source network drainage direction/catchment topology is unavailable. Assignment retained.
SC_24957,24957,N_2175087701_307a8c8,521.5196873315432,nearest selected Existing-network node to projected cell centroid,UNKNOWN,LOW,Long centroid-to-outlet distance alone does not establish a wrong hydraulic outlet; source network drainage direction/catchment topology is unavailable. Assignment retained.
SC_24958,24958,N_2175087701_307a8c8,559.9703244588912,nearest selected Existing-network node to projected cell centroid,UNKNOWN,LOW,Long centroid-to-outlet distance alone does not establish a wrong hydraulic outlet; source network drainage direction/catchment topology is unavailable. Assignment retained.
SC_24959,24959,N_2176098001_d21d76b,599.7684156879454,nearest selected Existing-network node to projected cell centroid,UNKNOWN,LOW,Long centroid-to-outlet distance alone does not establish a wrong hydraulic outlet; source network drainage direction/catchment topology is unavailable. Assignment retained.
SC_24960,24960,N_2176098001_d21d76b,630.1412480210486,nearest selected Existing-network node to projected cell centroid,UNKNOWN,LOW,Long centroid-to-outlet distance alone does not establish a wrong hydraulic outlet; source network drainage direction/catchment topology is unavailable. Assignment retained.
SC_24961,24961,N_2176098001_d21d76b,674.1170762250583,nearest selected Existing-network node to projected cell centroid,UNKNOWN,LOW,Long centroid-to-outlet distance alone does not establish a wrong hydraulic outlet; source network drainage direction/catchment topology is unavailable. Assignment retained.
SC_24962,24962,N_2176100102_06bd050,714.2173009297627,nearest selected Existing-network node to projected cell centroid,UNKNOWN,LOW,Long centroid-to-outlet distance alone does not establish a wrong hydraulic outlet; source network drainage direction/catchment topology is unavailable. Assignment retained.
SC_24963,24963,N_2176100102_06bd050,618.344121786443,nearest selected Existing-network node to projected cell centroid,UNKNOWN,LOW,Long centroid-to-outlet distance alone does not establish a wrong hydraulic outlet; source network drainage direction/catchment topology is unavailable. Assignment retained.
SC_24964,24964,N_2176100102_06bd050,524.0157945599537,nearest selected Existing-network node to projected cell centroid,UNKNOWN,LOW,Long centroid-to-outlet distance alone does not establish a wrong hydraulic outlet; source network drainage direction/catchment topology is unavailable. Assignment retained.
SC_25235,25235,N_2176088901_cc3f2c4,503.334163762564,nearest selected Existing-network node to projected cell centroid,UNKNOWN,LOW,Long centroid-to-outlet distance alone does not establish a wrong hydraulic outlet; source network drainage direction/catchment topology is unavailable. Assignment retained.
SC_25238,25238,N_2176098001_d21d76b,502.9208809139897,nearest selected Existing-network node to projected cell centroid,UNKNOWN,LOW,Long centroid-to-outlet distance alone does not establish a wrong hydraulic outlet; source network drainage direction/catchment topology is unavailable. Assignment retained.
SC_25239,25239,N_2176098001_d21d76b,538.781265876979,nearest selected Existing-network node to projected cell centroid,UNKNOWN,LOW,Long centroid-to-outlet distance alone does not establish a wrong hydraulic outlet; source network drainage direction/catchment topology is unavailable. Assignment retained.
SC_25240,25240,N_2176098001_d21d76b,589.610967045811,nearest selected Existing-network node to projected cell centroid,UNKNOWN,LOW,Long centroid-to-outlet distance alone does not establish a wrong hydraulic outlet; source network drainage direction/catchment topology is unavailable. Assignment retained.
SC_25241,25241,N_2176098001_d21d76b,651.917887821306,nearest selected Existing-network node to projected cell centroid,UNKNOWN,LOW,Long centroid-to-outlet distance alone does not establish a wrong hydraulic outlet; source network drainage direction/catchment topology is unavailable. Assignment retained.
SC_25242,25242,N_2176101101_c5fc24d,655.5012025101264,nearest selected Existing-network node to projected cell centroid,UNKNOWN,LOW,Long centroid-to-outlet distance alone does not establish a wrong hydraulic outlet; source network drainage direction/catchment topology is unavailable. Assignment retained.
SC_25243,25243,N_2176101101_c5fc24d,563.1331338972172,nearest selected Existing-network node to projected cell centroid,UNKNOWN,LOW,Long centroid-to-outlet distance alone does not establish a wrong hydraulic outlet; source network drainage direction/catchment topology is unavailable. Assignment retained.
SC_25518,25518,N_2176098001_d21d76b,510.7331519131802,nearest selected Existing-network node to projected cell centroid,UNKNOWN,LOW,Long centroid-to-outlet distance alone does not establish a wrong hydraulic outlet; source network drainage direction/catchment topology is unavailable. Assignment retained.
SC_25519,25519,N_2176098001_d21d76b,581.5532584930361,nearest selected Existing-network node to projected cell centroid,UNKNOWN,LOW,Long centroid-to-outlet distance alone does not establish a wrong hydraulic outlet; source network drainage direction/catchment topology is unavailable. Assignment retained.
SC_25520,25520,N_2176099901_2949adf,646.1337387800846,nearest selected Existing-network node to projected cell centroid,UNKNOWN,LOW,Long centroid-to-outlet distance alone does not establish a wrong hydraulic outlet; source network drainage direction/catchment topology is unavailable. Assignment retained.
SC_25521,25521,N_2176099901_2949adf,590.9341320236379,nearest selected Existing-network node to projected cell centroid,UNKNOWN,LOW,Long centroid-to-outlet distance alone does not establish a wrong hydraulic outlet; source network drainage direction/catchment topology is unavailable. Assignment retained.
SC_25522,25522,N_2176101102_5f7c28b,526.7762113422906,nearest selected Existing-network node to projected cell centroid,UNKNOWN,LOW,Long centroid-to-outlet distance alone does not establish a wrong hydraulic outlet; source network drainage direction/catchment topology is unavailable. Assignment retained.
SC_25796,25796,N_2176098001_d21d76b,520.9716426700625,nearest selected Existing-network node to projected cell centroid,UNKNOWN,LOW,Long centroid-to-outlet distance alone does not establish a wrong hydraulic outlet; source network drainage direction/catchment topology is unavailable. Assignment retained.
SC_25797,25797,N_2176099901_2949adf,569.8016219638286,nearest selected Existing-network node to projected cell centroid,UNKNOWN,LOW,Long centroid-to-outlet distance alone does not establish a wrong hydraulic outlet; source network drainage direction/catchment topology is unavailable. Assignment retained.
SC_25798,25798,N_2176099901_2949adf,506.34793215062047,nearest selected Existing-network node to projected cell centroid,UNKNOWN,LOW,Long centroid-to-outlet distance alone does not establish a wrong hydraulic outlet; source network drainage direction/catchment topology is unavailable. Assignment retained.
SC_26654,26654,N_2177110601_26a2074,513.8340272546683,nearest selected Existing-network node to projected cell centroid,UNKNOWN,LOW,Long centroid-to-outlet distance alone does not establish a wrong hydraulic outlet; source network drainage direction/catchment topology is unavailable. Assignment retained.
SC_26655,26655,N_2177110601_26a2074,608.6149583812054,nearest selected Existing-network node to projected cell centroid,UNKNOWN,LOW,Long centroid-to-outlet distance alone does not establish a wrong hydraulic outlet; source network drainage direction/catchment topology is unavailable. Assignment retained.
SC_26656,26656,N_2177120801_2c22465,527.197511461368,nearest selected Existing-network node to projected cell centroid,UNKNOWN,LOW,Long centroid-to-outlet distance alone does not establish a wrong hydraulic outlet; source network drainage direction/catchment topology is unavailable. Assignment retained.
SC_26930,26930,N_2177113803_64e8895,548.5574179916296,nearest selected Existing-network node to projected cell centroid,UNKNOWN,LOW,Long centroid-to-outlet distance alone does not establish a wrong hydraulic outlet; source network drainage direction/catchment topology is unavailable. Assignment retained.
SC_28331,28331,N_2176158801_53280ec,891.4904073111227,nearest selected Existing-network node to projected cell centroid,UNKNOWN,LOW,Long centroid-to-outlet distance alone does not establish a wrong hydraulic outlet; source network drainage direction/catchment topology is unavailable. Assignment retained.
SC_28584,28584,N_2178142204_b90abad,788.2639895397632,nearest selected Existing-network node to projected cell centroid,UNKNOWN,LOW,Long centroid-to-outlet distance alone does not establish a wrong hydraulic outlet; source network drainage direction/catchment topology is unavailable. Assignment retained.
SC_28602,28602,N_2176158801_53280ec,904.0322816855384,nearest selected Existing-network node to projected cell centroid,UNKNOWN,LOW,Long centroid-to-outlet distance alone does not establish a wrong hydraulic outlet; source network drainage direction/catchment topology is unavailable. Assignment retained.
SC_28603,28603,N_2176158801_53280ec,965.445102701343,nearest selected Existing-network node to projected cell centroid,UNKNOWN,LOW,Long centroid-to-outlet distance alone does not establish a wrong hydraulic outlet; source network drainage direction/catchment topology is unavailable. Assignment retained.
SC_28857,28857,N_2178142204_b90abad,662.7677400171117,nearest selected Existing-network node to projected cell centroid,UNKNOWN,LOW,Long centroid-to-outlet distance alone does not establish a wrong hydraulic outlet; source network drainage direction/catchment topology is unavailable. Assignment retained.
SC_28858,28858,N_2178143201_1ba1200,694.1324378386423,nearest selected Existing-network node to projected cell centroid,UNKNOWN,LOW,Long centroid-to-outlet distance alone does not establish a wrong hydraulic outlet; source network drainage direction/catchment topology is unavailable. Assignment retained.
SC_28859,28859,N_2178143303_6328d44,728.7742885116545,nearest selected Existing-network node to projected cell centroid,UNKNOWN,LOW,Long centroid-to-outlet distance alone does not establish a wrong hydraulic outlet; source network drainage direction/catchment topology is unavailable. Assignment retained.
SC_28863,28863,N_2176147804_66a4857,873.3301558929851,nearest selected Existing-network node to projected cell centroid,UNKNOWN,LOW,Long centroid-to-outlet distance alone does not establish a wrong hydraulic outlet; source network drainage direction/catchment topology is unavailable. Assignment retained.
SC_28864,28864,N_2176147804_66a4857,894.7521451176267,nearest selected Existing-network node to projected cell centroid,UNKNOWN,LOW,Long centroid-to-outlet distance alone does not establish a wrong hydraulic outlet; source network drainage direction/catchment topology is unavailable. Assignment retained.
SC_28865,28865,N_2176157101_e04a53b,925.1583661044914,nearest selected Existing-network node to projected cell centroid,UNKNOWN,LOW,Long centroid-to-outlet distance alone does not establish a wrong hydraulic outlet; source network drainage direction/catchment topology is unavailable. Assignment retained.
SC_28866,28866,N_2176157501_1296131,914.8385946431468,nearest selected Existing-network node to projected cell centroid,UNKNOWN,LOW,Long centroid-to-outlet distance alone does not establish a wrong hydraulic outlet; source network drainage direction/catchment topology is unavailable. Assignment retained.
SC_28867,28867,N_2176158701_0fa4e6c,891.509462780926,nearest selected Existing-network node to projected cell centroid,UNKNOWN,LOW,Long centroid-to-outlet distance alone does not establish a wrong hydraulic outlet; source network drainage direction/catchment topology is unavailable. Assignment retained.
SC_28875,28875,N_2176158801_53280ec,937.9731266573526,nearest selected Existing-network node to projected cell centroid,UNKNOWN,LOW,Long centroid-to-outlet distance alone does not establish a wrong hydraulic outlet; source network drainage direction/catchment topology is unavailable. Assignment retained.
SC_28876,28876,N_2176158801_53280ec,987.2200698586996,nearest selected Existing-network node to projected cell centroid,UNKNOWN,LOW,Long centroid-to-outlet distance alone does not establish a wrong hydraulic outlet; source network drainage direction/catchment topology is unavailable. Assignment retained.
SC_28877,28877,N_2176158801_53280ec,1043.7496569255782,nearest selected Existing-network node to projected cell centroid,UNKNOWN,LOW,Long centroid-to-outlet distance alone does not establish a wrong hydraulic outlet; source network drainage direction/catchment topology is unavailable. Assignment retained.
SC_29131,29131,N_2178142101_f782355,517.4708859501543,nearest selected Existing-network node to projected cell centroid,UNKNOWN,LOW,Long centroid-to-outlet distance alone does not establish a wrong hydraulic outlet; source network drainage direction/catchment topology is unavailable. Assignment retained.
SC_29132,29132,N_2178142102_53b816a,538.6902220230713,nearest selected Existing-network node to projected cell centroid,UNKNOWN,LOW,Long centroid-to-outlet distance alone does not establish a wrong hydraulic outlet; source network drainage direction/catchment topology is unavailable. Assignment retained.
SC_29133,29133,N_2178142204_b90abad,566.6877951836549,nearest selected Existing-network node to projected cell centroid,UNKNOWN,LOW,Long centroid-to-outlet distance alone does not establish a wrong hydraulic outlet; source network drainage direction/catchment topology is unavailable. Assignment retained.
SC_29134,29134,N_2178143201_1ba1200,601.444744978672,nearest selected Existing-network node to projected cell centroid,UNKNOWN,LOW,Long centroid-to-outlet distance alone does not establish a wrong hydraulic outlet; source network drainage direction/catchment topology is unavailable. Assignment retained.
SC_29135,29135,N_2178143303_6328d44,636.1529718537207,nearest selected Existing-network node to projected cell centroid,UNKNOWN,LOW,Long centroid-to-outlet distance alone does not establish a wrong hydraulic outlet; source network drainage direction/catchment topology is unavailable. Assignment retained.
SC_29136,29136,N_2178143402_228b9aa,678.4260471095952,nearest selected Existing-network node to projected cell centroid,UNKNOWN,LOW,Long centroid-to-outlet distance alone does not establish a wrong hydraulic outlet; source network drainage direction/catchment topology is unavailable. Assignment retained.
SC_29137,29137,N_2178143402_228b9aa,728.6959183345468,nearest selected Existing-network node to projected cell centroid,UNKNOWN,LOW,Long centroid-to-outlet distance alone does not establish a wrong hydraulic outlet; source network drainage direction/catchment topology is unavailable. Assignment retained.
SC_29138,29138,N_2178143402_228b9aa,788.5008442596028,nearest selected Existing-network node to projected cell centroid,UNKNOWN,LOW,Long centroid-to-outlet distance alone does not establish a wrong hydraulic outlet; source network drainage direction/catchment topology is unavailable. Assignment retained.
SC_29139,29139,N_2178143402_228b9aa,855.8442740351683,nearest selected Existing-network node to projected cell centroid,UNKNOWN,LOW,Long centroid-to-outlet distance alone does not establish a wrong hydraulic outlet; source network drainage direction/catchment topology is unavailable. Assignment retained.
SC_29140,29140,N_2178143402_228b9aa,929.0884034361112,nearest selected Existing-network node to projected cell centroid,UNKNOWN,LOW,Long centroid-to-outlet distance alone does not establish a wrong hydraulic outlet; source network drainage direction/catchment topology is unavailable. Assignment retained.
SC_29141,29141,N_2178143402_228b9aa,1006.946424294828,nearest selected Existing-network node to projected cell centroid,UNKNOWN,LOW,Long centroid-to-outlet distance alone does not establish a wrong hydraulic outlet; source network drainage direction/catchment topology is unavailable. Assignment retained.
SC_29142,29142,N_2176157501_1296131,1012.1941089785374,nearest selected Existing-network node to projected cell centroid,UNKNOWN,LOW,Long centroid-to-outlet distance alone does not establish a wrong hydraulic outlet; source network drainage direction/catchment topology is unavailable. Assignment retained.
SC_29143,29143,N_2176158701_0fa4e6c,987.0847897876992,nearest selected Existing-network node to projected cell centroid,UNKNOWN,LOW,Long centroid-to-outlet distance alone does not establish a wrong hydraulic outlet; source network drainage direction/catchment topology is unavailable. Assignment retained.
SC_29144,29144,N_2176158701_0fa4e6c,963.9254235836328,nearest selected Existing-network node to projected cell centroid,UNKNOWN,LOW,Long centroid-to-outlet distance alone does not establish a wrong hydraulic outlet; source network drainage direction/catchment topology is unavailable. Assignment retained.
SC_29148,29148,N_2176158801_53280ec,944.8243468138866,nearest selected Existing-network node to projected cell centroid,UNKNOWN,LOW,Long centroid-to-outlet distance alone does not establish a wrong hydraulic outlet; source network drainage direction/catchment topology is unavailable. Assignment retained.
SC_29149,29149,N_2176158801_53280ec,963.0695334879686,nearest selected Existing-network node to projected cell centroid,UNKNOWN,LOW,Long centroid-to-outlet distance alone does not establish a wrong hydraulic outlet; source network drainage direction/catchment topology is unavailable. Assignment retained.
SC_29150,29150,N_2176158801_53280ec,991.1169488678818,nearest selected Existing-network node to projected cell centroid,UNKNOWN,LOW,Long centroid-to-outlet distance alone does not establish a wrong hydraulic outlet; source network drainage direction/catchment topology is unavailable. Assignment retained.
SC_29151,29151,N_2176158801_53280ec,1028.164717510587,nearest selected Existing-network node to projected cell centroid,UNKNOWN,LOW,Long centroid-to-outlet distance alone does not establish a wrong hydraulic outlet; source network drainage direction/catchment topology is unavailable. Assignment retained.
SC_29152,29152,N_2176158801_53280ec,1073.2812149358022,nearest selected Existing-network node to projected cell centroid,UNKNOWN,LOW,Long centroid-to-outlet distance alone does not establish a wrong hydraulic outlet; source network drainage direction/catchment topology is unavailable. Assignment retained.
SC_29411,29411,N_2178143303_6328d44,506.9021045532143,nearest selected Existing-network node to projected cell centroid,UNKNOWN,LOW,Long centroid-to-outlet distance alone does not establish a wrong hydraulic outlet; source network drainage direction/catchment topology is unavailable. Assignment retained.
SC_29412,29412,N_2178143401_141c24f,545.7885773526717,nearest selected Existing-network node to projected cell centroid,UNKNOWN,LOW,Long centroid-to-outlet distance alone does not establish a wrong hydraulic outlet; source network drainage direction/catchment topology is unavailable. Assignment retained.
SC_29413,29413,N_2178143402_228b9aa,590.7022612106105,nearest selected Existing-network node to projected cell centroid,UNKNOWN,LOW,Long centroid-to-outlet distance alone does not establish a wrong hydraulic outlet; source network drainage direction/catchment topology is unavailable. Assignment retained.
SC_29414,29414,N_2178143402_228b9aa,647.8155612518166,nearest selected Existing-network node to projected cell centroid,UNKNOWN,LOW,Long centroid-to-outlet distance alone does not establish a wrong hydraulic outlet; source network drainage direction/catchment topology is unavailable. Assignment retained.
SC_29415,29415,N_2178143402_228b9aa,714.4234328468546,nearest selected Existing-network node to projected cell centroid,UNKNOWN,LOW,Long centroid-to-outlet distance alone does not establish a wrong hydraulic outlet; source network drainage direction/catchment topology is unavailable. Assignment retained.
SC_29416,29416,N_2178143402_228b9aa,788.1222502894852,nearest selected Existing-network node to projected cell centroid,UNKNOWN,LOW,Long centroid-to-outlet distance alone does not establish a wrong hydraulic outlet; source network drainage direction/catchment topology is unavailable. Assignment retained.
SC_29417,29417,N_2178143402_228b9aa,867.1058305662809,nearest selected Existing-network node to projected cell centroid,UNKNOWN,LOW,Long centroid-to-outlet distance alone does not establish a wrong hydraulic outlet; source network drainage direction/catchment topology is unavailable. Assignment retained.
SC_29418,29418,N_2178143402_228b9aa,950.057030605383,nearest selected Existing-network node to projected cell centroid,UNKNOWN,LOW,Long centroid-to-outlet distance alone does not establish a wrong hydraulic outlet; source network drainage direction/catchment topology is unavailable. Assignment retained.
SC_29419,29419,N_2178143402_228b9aa,1036.0232629643967,nearest selected Existing-network node to projected cell centroid,UNKNOWN,LOW,Long centroid-to-outlet distance alone does not establish a wrong hydraulic outlet; source network drainage direction/catchment topology is unavailable. Assignment retained.
SC_29420,29420,N_2176158701_0fa4e6c,1083.4591096264398,nearest selected Existing-network node to projected cell centroid,UNKNOWN,LOW,Long centroid-to-outlet distance alone does not establish a wrong hydraulic outlet; source network drainage direction/catchment topology is unavailable. Assignment retained.
SC_29421,29421,N_2176158701_0fa4e6c,1062.4026930656646,nearest selected Existing-network node to projected cell centroid,UNKNOWN,LOW,Long centroid-to-outlet distance alone does not establish a wrong hydraulic outlet; source network drainage direction/catchment topology is unavailable. Assignment retained.
SC_29423,29423,N_2176158801_53280ec,1039.4240647270249,nearest selected Existing-network node to projected cell centroid,UNKNOWN,LOW,Long centroid-to-outlet distance alone does not establish a wrong hydraulic outlet; source network drainage direction/catchment topology is unavailable. Assignment retained.
SC_29424,29424,N_2176158801_53280ec,1036.924426529772,nearest selected Existing-network node to projected cell centroid,UNKNOWN,LOW,Long centroid-to-outlet distance alone does not establish a wrong hydraulic outlet; source network drainage direction/catchment topology is unavailable. Assignment retained.
SC_29425,29425,N_2176158801_53280ec,1044.0412570078552,nearest selected Existing-network node to projected cell centroid,UNKNOWN,LOW,Long centroid-to-outlet distance alone does not establish a wrong hydraulic outlet; source network drainage direction/catchment topology is unavailable. Assignment retained.
SC_29426,29426,N_2176158801_53280ec,1060.580985278818,nearest selected Existing-network node to projected cell centroid,UNKNOWN,LOW,Long centroid-to-outlet distance alone does not establish a wrong hydraulic outlet; source network drainage direction/catchment topology is unavailable. Assignment retained.
SC_29427,29427,N_2176158801_53280ec,1086.1132106440075,nearest selected Existing-network node to projected cell centroid,UNKNOWN,LOW,Long centroid-to-outlet distance alone does not establish a wrong hydraulic outlet; source network drainage direction/catchment topology is unavailable. Assignment retained.
SC_29428,29428,N_2176158801_53280ec,1120.0231186613428,nearest selected Existing-network node to projected cell centroid,UNKNOWN,LOW,Long centroid-to-outlet distance alone does not establish a wrong hydraulic outlet; source network drainage direction/catchment topology is unavailable. Assignment retained.
SC_29671,29671,N_2178123902_de7f838,532.2408554119291,nearest selected Existing-network node to projected cell centroid,UNKNOWN,LOW,Long centroid-to-outlet distance alone does not establish a wrong hydraulic outlet; source network drainage direction/catchment topology is unavailable. Assignment retained.
SC_29692,29692,N_2178143402_228b9aa,507.53957619273984,nearest selected Existing-network node to projected cell centroid,UNKNOWN,LOW,Long centroid-to-outlet distance alone does not establish a wrong hydraulic outlet; source network drainage direction/catchment topology is unavailable. Assignment retained.
SC_29693,29693,N_2178143402_228b9aa,573.0028458939657,nearest selected Existing-network node to projected cell centroid,UNKNOWN,LOW,Long centroid-to-outlet distance alone does not establish a wrong hydraulic outlet; source network drainage direction/catchment topology is unavailable. Assignment retained.
SC_29694,29694,N_2178143402_228b9aa,647.3546952044619,nearest selected Existing-network node to projected cell centroid,UNKNOWN,LOW,Long centroid-to-outlet distance alone does not establish a wrong hydraulic outlet; source network drainage direction/catchment topology is unavailable. Assignment retained.
SC_29695,29695,N_2178143402_228b9aa,727.876322876311,nearest selected Existing-network node to projected cell centroid,UNKNOWN,LOW,Long centroid-to-outlet distance alone does not establish a wrong hydraulic outlet; source network drainage direction/catchment topology is unavailable. Assignment retained.
SC_29696,29696,N_2178143402_228b9aa,812.7359850557975,nearest selected Existing-network node to projected cell centroid,UNKNOWN,LOW,Long centroid-to-outlet distance alone does not establish a wrong hydraulic outlet; source network drainage direction/catchment topology is unavailable. Assignment retained.
SC_29697,29697,N_2178143402_228b9aa,900.7083997639277,nearest selected Existing-network node to projected cell centroid,UNKNOWN,LOW,Long centroid-to-outlet distance alone does not establish a wrong hydraulic outlet; source network drainage direction/catchment topology is unavailable. Assignment retained.
SC_29698,29698,N_2178143402_228b9aa,990.9649143163308,nearest selected Existing-network node to projected cell centroid,UNKNOWN,LOW,Long centroid-to-outlet distance alone does not establish a wrong hydraulic outlet; source network drainage direction/catchment topology is unavailable. Assignment retained.
SC_29699,29699,N_2178143402_228b9aa,1082.9345785441756,nearest selected Existing-network node to projected cell centroid,UNKNOWN,LOW,Long centroid-to-outlet distance alone does not establish a wrong hydraulic outlet; source network drainage direction/catchment topology is unavailable. Assignment retained.
SC_29700,29700,N_2176158701_0fa4e6c,1161.1402767260588,nearest selected Existing-network node to projected cell centroid,UNKNOWN,LOW,Long centroid-to-outlet distance alone does not establish a wrong hydraulic outlet; source network drainage direction/catchment topology is unavailable. Assignment retained.
SC_29701,29701,N_2176158801_53280ec,1150.183292495357,nearest selected Existing-network node to projected cell centroid,UNKNOWN,LOW,Long centroid-to-outlet distance alone does not establish a wrong hydraulic outlet; source network drainage direction/catchment topology is unavailable. Assignment retained.
SC_29702,29702,N_2176158801_53280ec,1139.1801816815046,nearest selected Existing-network node to projected cell centroid,UNKNOWN,LOW,Long centroid-to-outlet distance alone does not establish a wrong hydraulic outlet; source network drainage direction/catchment topology is unavailable. Assignment retained.
SC_29703,29703,N_2176158801_53280ec,1136.89989283857,nearest selected Existing-network node to projected cell centroid,UNKNOWN,LOW,Long centroid-to-outlet distance alone does not establish a wrong hydraulic outlet; source network drainage direction/catchment topology is unavailable. Assignment retained.
SC_29704,29704,N_2176158801_53280ec,1143.394615317388,nearest selected Existing-network node to projected cell centroid,UNKNOWN,LOW,Long centroid-to-outlet distance alone does not establish a wrong hydraulic outlet; source network drainage direction/catchment topology is unavailable. Assignment retained.
SC_29705,29705,N_2176158801_53280ec,1158.5167786170573,nearest selected Existing-network node to projected cell centroid,UNKNOWN,LOW,Long centroid-to-outlet distance alone does not establish a wrong hydraulic outlet; source network drainage direction/catchment topology is unavailable. Assignment retained.
SC_29706,29706,N_2176158801_53280ec,1181.9352800968798,nearest selected Existing-network node to projected cell centroid,UNKNOWN,LOW,Long centroid-to-outlet distance alone does not establish a wrong hydraulic outlet; source network drainage direction/catchment topology is unavailable. Assignment retained.
SC_29707,29707,N_2176158801_53280ec,1213.1697681438225,nearest selected Existing-network node to projected cell centroid,UNKNOWN,LOW,Long centroid-to-outlet distance alone does not establish a wrong hydraulic outlet; source network drainage direction/catchment topology is unavailable. Assignment retained.
SC_29971,29971,N_2178143402_228b9aa,506.9512021932304,nearest selected Existing-network node to projected cell centroid,UNKNOWN,LOW,Long centroid-to-outlet distance alone does not establish a wrong hydraulic outlet; source network drainage direction/catchment topology is unavailable. Assignment retained.
SC_29972,29972,N_2178143402_228b9aa,589.6909032754697,nearest selected Existing-network node to projected cell centroid,UNKNOWN,LOW,Long centroid-to-outlet distance alone does not establish a wrong hydraulic outlet; source network drainage direction/catchment topology is unavailable. Assignment retained.
SC_29973,29973,N_2178143402_228b9aa,677.1050150504848,nearest selected Existing-network node to projected cell centroid,UNKNOWN,LOW,Long centroid-to-outlet distance alone does not establish a wrong hydraulic outlet; source network drainage direction/catchment topology is unavailable. Assignment retained.
SC_29974,29974,N_2178143402_228b9aa,767.5982291584545,nearest selected Existing-network node to projected cell centroid,UNKNOWN,LOW,Long centroid-to-outlet distance alone does not establish a wrong hydraulic outlet; source network drainage direction/catchment topology is unavailable. Assignment retained.
SC_29975,29975,N_2178143402_228b9aa,860.1993265562774,nearest selected Existing-network node to projected cell centroid,UNKNOWN,LOW,Long centroid-to-outlet distance alone does not establish a wrong hydraulic outlet; source network drainage direction/catchment topology is unavailable. Assignment retained.
SC_29976,29976,N_2178143402_228b9aa,954.2948817889315,nearest selected Existing-network node to projected cell centroid,UNKNOWN,LOW,Long centroid-to-outlet distance alone does not establish a wrong hydraulic outlet; source network drainage direction/catchment topology is unavailable. Assignment retained.
SC_29977,29977,N_2178148801_a1e1e39,1025.1999244007693,nearest selected Existing-network node to projected cell centroid,UNKNOWN,LOW,Long centroid-to-outlet distance alone does not establish a wrong hydraulic outlet; source network drainage direction/catchment topology is unavailable. Assignment retained.
SC_29978,29978,N_2178148801_a1e1e39,1089.3316873166436,nearest selected Existing-network node to projected cell centroid,UNKNOWN,LOW,Long centroid-to-outlet distance alone does not establish a wrong hydraulic outlet; source network drainage direction/catchment topology is unavailable. Assignment retained.
SC_29979,29979,N_2178148801_a1e1e39,1158.5560689897184,nearest selected Existing-network node to projected cell centroid,UNKNOWN,LOW,Long centroid-to-outlet distance alone does not establish a wrong hydraulic outlet; source network drainage direction/catchment topology is unavailable. Assignment retained.
SC_29980,29980,N_2178148801_a1e1e39,1232.0149370010463,nearest selected Existing-network node to projected cell centroid,UNKNOWN,LOW,Long centroid-to-outlet distance alone does not establish a wrong hydraulic outlet; source network drainage direction/catchment topology is unavailable. Assignment retained.
SC_29981,29981,N_2176158801_53280ec,1236.879325697785,nearest selected Existing-network node to projected cell centroid,UNKNOWN,LOW,Long centroid-to-outlet distance alone does not establish a wrong hydraulic outlet; source network drainage direction/catchment topology is unavailable. Assignment retained.
SC_29982,29982,N_2176158801_53280ec,1242.8516992542002,nearest selected Existing-network node to projected cell centroid,UNKNOWN,LOW,Long centroid-to-outlet distance alone does not establish a wrong hydraulic outlet; source network drainage direction/catchment topology is unavailable. Assignment retained.
SC_29983,29983,N_2176158801_53280ec,1256.7777155644903,nearest selected Existing-network node to projected cell centroid,UNKNOWN,LOW,Long centroid-to-outlet distance alone does not establish a wrong hydraulic outlet; source network drainage direction/catchment topology is unavailable. Assignment retained.
SC_29984,29984,N_2176158801_53280ec,1278.397475881404,nearest selected Existing-network node to projected cell centroid,UNKNOWN,LOW,Long centroid-to-outlet distance alone does not establish a wrong hydraulic outlet; source network drainage direction/catchment topology is unavailable. Assignment retained.
SC_30251,30251,N_2178143402_228b9aa,544.4287110434359,nearest selected Existing-network node to projected cell centroid,UNKNOWN,LOW,Long centroid-to-outlet distance alone does not establish a wrong hydraulic outlet; source network drainage direction/catchment topology is unavailable. Assignment retained.
SC_30252,30252,N_2178143402_228b9aa,638.0740250230336,nearest selected Existing-network node to projected cell centroid,UNKNOWN,LOW,Long centroid-to-outlet distance alone does not establish a wrong hydraulic outlet; source network drainage direction/catchment topology is unavailable. Assignment retained.
SC_30253,30253,N_2178143402_228b9aa,733.3991419478024,nearest selected Existing-network node to projected cell centroid,UNKNOWN,LOW,Long centroid-to-outlet distance alone does not establish a wrong hydraulic outlet; source network drainage direction/catchment topology is unavailable. Assignment retained.
SC_30254,30254,N_2178148801_a1e1e39,829.3107409122953,nearest selected Existing-network node to projected cell centroid,UNKNOWN,LOW,Long centroid-to-outlet distance alone does not establish a wrong hydraulic outlet; source network drainage direction/catchment topology is unavailable. Assignment retained.
SC_30255,30255,N_2178148801_a1e1e39,885.0790614364815,nearest selected Existing-network node to projected cell centroid,UNKNOWN,LOW,Long centroid-to-outlet distance alone does not establish a wrong hydraulic outlet; source network drainage direction/catchment topology is unavailable. Assignment retained.
SC_30256,30256,N_2178148801_a1e1e39,948.142175516977,nearest selected Existing-network node to projected cell centroid,UNKNOWN,LOW,Long centroid-to-outlet distance alone does not establish a wrong hydraulic outlet; source network drainage direction/catchment topology is unavailable. Assignment retained.
SC_30257,30257,N_2178148801_a1e1e39,1017.144151531556,nearest selected Existing-network node to projected cell centroid,UNKNOWN,LOW,Long centroid-to-outlet distance alone does not establish a wrong hydraulic outlet; source network drainage direction/catchment topology is unavailable. Assignment retained.
SC_30258,30258,N_2178148801_a1e1e39,1090.958690783309,nearest selected Existing-network node to projected cell centroid,UNKNOWN,LOW,Long centroid-to-outlet distance alone does not establish a wrong hydraulic outlet; source network drainage direction/catchment topology is unavailable. Assignment retained.
SC_30259,30259,N_2178148801_a1e1e39,1168.674251019682,nearest selected Existing-network node to projected cell centroid,UNKNOWN,LOW,Long centroid-to-outlet distance alone does not establish a wrong hydraulic outlet; source network drainage direction/catchment topology is unavailable. Assignment retained.
SC_30260,30260,N_2178148801_a1e1e39,1249.5631816747791,nearest selected Existing-network node to projected cell centroid,UNKNOWN,LOW,Long centroid-to-outlet distance alone does not establish a wrong hydraulic outlet; source network drainage direction/catchment topology is unavailable. Assignment retained.
SC_30261,30261,N_2178148801_a1e1e39,1333.047930495367,nearest selected Existing-network node to projected cell centroid,UNKNOWN,LOW,Long centroid-to-outlet distance alone does not establish a wrong hydraulic outlet; source network drainage direction/catchment topology is unavailable. Assignment retained.
SC_30262,30262,N_2176158801_53280ec,1355.293077655809,nearest selected Existing-network node to projected cell centroid,UNKNOWN,LOW,Long centroid-to-outlet distance alone does not establish a wrong hydraulic outlet; source network drainage direction/catchment topology is unavailable. Assignment retained.
SC_30531,30531,N_2178143402_228b9aa,514.8493774017744,nearest selected Existing-network node to projected cell centroid,UNKNOWN,LOW,Long centroid-to-outlet distance alone does not establish a wrong hydraulic outlet; source network drainage direction/catchment topology is unavailable. Assignment retained.
SC_30532,30532,N_2178143402_228b9aa,613.0299514800828,nearest selected Existing-network node to projected cell centroid,UNKNOWN,LOW,Long centroid-to-outlet distance alone does not establish a wrong hydraulic outlet; source network drainage direction/catchment topology is unavailable. Assignment retained.
SC_30533,30533,N_2178148801_a1e1e39,692.8826487901398,nearest selected Existing-network node to projected cell centroid,UNKNOWN,LOW,Long centroid-to-outlet distance alone does not establish a wrong hydraulic outlet; source network drainage direction/catchment topology is unavailable. Assignment retained.
SC_30534,30534,N_2178148801_a1e1e39,745.4495321584307,nearest selected Existing-network node to projected cell centroid,UNKNOWN,LOW,Long centroid-to-outlet distance alone does not establish a wrong hydraulic outlet; source network drainage direction/catchment topology is unavailable. Assignment retained.
SC_30535,30535,N_2178148801_a1e1e39,807.033856164663,nearest selected Existing-network node to projected cell centroid,UNKNOWN,LOW,Long centroid-to-outlet distance alone does not establish a wrong hydraulic outlet; source network drainage direction/catchment topology is unavailable. Assignment retained.
SC_30536,30536,N_2178148801_a1e1e39,875.7352824893999,nearest selected Existing-network node to projected cell centroid,UNKNOWN,LOW,Long centroid-to-outlet distance alone does not establish a wrong hydraulic outlet; source network drainage direction/catchment topology is unavailable. Assignment retained.
SC_30537,30537,N_2178148801_a1e1e39,950.0110130927808,nearest selected Existing-network node to projected cell centroid,UNKNOWN,LOW,Long centroid-to-outlet distance alone does not establish a wrong hydraulic outlet; source network drainage direction/catchment topology is unavailable. Assignment retained.
SC_30538,30538,N_2178148801_a1e1e39,1028.6542494921969,nearest selected Existing-network node to projected cell centroid,UNKNOWN,LOW,Long centroid-to-outlet distance alone does not establish a wrong hydraulic outlet; source network drainage direction/catchment topology is unavailable. Assignment retained.
SC_30539,30539,N_2178148801_a1e1e39,1110.7376850540084,nearest selected Existing-network node to projected cell centroid,UNKNOWN,LOW,Long centroid-to-outlet distance alone does not establish a wrong hydraulic outlet; source network drainage direction/catchment topology is unavailable. Assignment retained.
SC_30540,30540,N_2178148801_a1e1e39,1195.5529452934825,nearest selected Existing-network node to projected cell centroid,UNKNOWN,LOW,Long centroid-to-outlet distance alone does not establish a wrong hydraulic outlet; source network drainage direction/catchment topology is unavailable. Assignment retained.
SC_30541,30541,N_2178148801_a1e1e39,1282.5581799671716,nearest selected Existing-network node to projected cell centroid,UNKNOWN,LOW,Long centroid-to-outlet distance alone does not establish a wrong hydraulic outlet; source network drainage direction/catchment topology is unavailable. Assignment retained.
SC_30542,30542,N_2178148801_a1e1e39,1371.3366198718263,nearest selected Existing-network node to projected cell centroid,UNKNOWN,LOW,Long centroid-to-outlet distance alone does not establish a wrong hydraulic outlet; source network drainage direction/catchment topology is unavailable. Assignment retained.
SC_30812,30812,N_2178143402_228b9aa,503.723278609965,nearest selected Existing-network node to projected cell centroid,UNKNOWN,LOW,Long centroid-to-outlet distance alone does not establish a wrong hydraulic outlet; source network drainage direction/catchment topology is unavailable. Assignment retained.
SC_30813,30813,N_2178148801_a1e1e39,558.9422376206509,nearest selected Existing-network node to projected cell centroid,UNKNOWN,LOW,Long centroid-to-outlet distance alone does not establish a wrong hydraulic outlet; source network drainage direction/catchment topology is unavailable. Assignment retained.
SC_30814,30814,N_2178148801_a1e1e39,606.6506943844729,nearest selected Existing-network node to projected cell centroid,UNKNOWN,LOW,Long centroid-to-outlet distance alone does not establish a wrong hydraulic outlet; source network drainage direction/catchment topology is unavailable. Assignment retained.
SC_30815,30815,N_2178148801_a1e1e39,666.0583345308022,nearest selected Existing-network node to projected cell centroid,UNKNOWN,LOW,Long centroid-to-outlet distance alone does not establish a wrong hydraulic outlet; source network drainage direction/catchment topology is unavailable. Assignment retained.
SC_30816,30816,N_2178148801_a1e1e39,734.3312229496503,nearest selected Existing-network node to projected cell centroid,UNKNOWN,LOW,Long centroid-to-outlet distance alone does not establish a wrong hydraulic outlet; source network drainage direction/catchment topology is unavailable. Assignment retained.
SC_30817,30817,N_2178148801_a1e1e39,809.2286358004836,nearest selected Existing-network node to projected cell centroid,UNKNOWN,LOW,Long centroid-to-outlet distance alone does not establish a wrong hydraulic outlet; source network drainage direction/catchment topology is unavailable. Assignment retained.
SC_30818,30818,N_2178148801_a1e1e39,889.077963398202,nearest selected Existing-network node to projected cell centroid,UNKNOWN,LOW,Long centroid-to-outlet distance alone does not establish a wrong hydraulic outlet; source network drainage direction/catchment topology is unavailable. Assignment retained.
SC_30819,30819,N_2178148801_a1e1e39,972.6604057948888,nearest selected Existing-network node to projected cell centroid,UNKNOWN,LOW,Long centroid-to-outlet distance alone does not establish a wrong hydraulic outlet; source network drainage direction/catchment topology is unavailable. Assignment retained.
SC_30820,30820,N_2178148801_a1e1e39,1059.09249124043,nearest selected Existing-network node to projected cell centroid,UNKNOWN,LOW,Long centroid-to-outlet distance alone does not establish a wrong hydraulic outlet; source network drainage direction/catchment topology is unavailable. Assignment retained.
SC_30821,30821,N_2178148801_a1e1e39,1147.7306064589563,nearest selected Existing-network node to projected cell centroid,UNKNOWN,LOW,Long centroid-to-outlet distance alone does not establish a wrong hydraulic outlet; source network drainage direction/catchment topology is unavailable. Assignment retained.
SC_30822,30822,N_2178148801_a1e1e39,1238.1010399007937,nearest selected Existing-network node to projected cell centroid,UNKNOWN,LOW,Long centroid-to-outlet distance alone does not establish a wrong hydraulic outlet; source network drainage direction/catchment topology is unavailable. Assignment retained.
SC_31096,31096,N_2178148801_a1e1e39,525.3225342586077,nearest selected Existing-network node to projected cell centroid,UNKNOWN,LOW,Long centroid-to-outlet distance alone does not establish a wrong hydraulic outlet; source network drainage direction/catchment topology is unavailable. Assignment retained.
SC_31097,31097,N_2178148801_a1e1e39,592.9354138526969,nearest selected Existing-network node to projected cell centroid,UNKNOWN,LOW,Long centroid-to-outlet distance alone does not establish a wrong hydraulic outlet; source network drainage direction/catchment topology is unavailable. Assignment retained.
SC_31098,31098,N_2178148801_a1e1e39,668.7159673594252,nearest selected Existing-network node to projected cell centroid,UNKNOWN,LOW,Long centroid-to-outlet distance alone does not establish a wrong hydraulic outlet; source network drainage direction/catchment topology is unavailable. Assignment retained.
SC_31099,31099,N_2178148801_a1e1e39,750.1930984768087,nearest selected Existing-network node to projected cell centroid,UNKNOWN,LOW,Long centroid-to-outlet distance alone does not establish a wrong hydraulic outlet; source network drainage direction/catchment topology is unavailable. Assignment retained.
SC_31100,31100,N_2178148801_a1e1e39,835.7022944823219,nearest selected Existing-network node to projected cell centroid,UNKNOWN,LOW,Long centroid-to-outlet distance alone does not establish a wrong hydraulic outlet; source network drainage direction/catchment topology is unavailable. Assignment retained.
SC_31101,31101,N_2178148801_a1e1e39,924.1249726112808,nearest selected Existing-network node to projected cell centroid,UNKNOWN,LOW,Long centroid-to-outlet distance alone does not establish a wrong hydraulic outlet; source network drainage direction/catchment topology is unavailable. Assignment retained.
SC_31102,31102,N_2178148801_a1e1e39,1014.6997610153376,nearest selected Existing-network node to projected cell centroid,UNKNOWN,LOW,Long centroid-to-outlet distance alone does not establish a wrong hydraulic outlet; source network drainage direction/catchment topology is unavailable. Assignment retained.
SC_31103,31103,N_2178148801_a1e1e39,1106.8984799905393,nearest selected Existing-network node to projected cell centroid,UNKNOWN,LOW,Long centroid-to-outlet distance alone does not establish a wrong hydraulic outlet; source network drainage direction/catchment topology is unavailable. Assignment retained.
SC_31104,31104,N_2178148801_a1e1e39,1200.3469852530764,nearest selected Existing-network node to projected cell centroid,UNKNOWN,LOW,Long centroid-to-outlet distance alone does not establish a wrong hydraulic outlet; source network drainage direction/catchment topology is unavailable. Assignment retained.
SC_31379,31379,N_2178148801_a1e1e39,528.6880980345518,nearest selected Existing-network node to projected cell centroid,UNKNOWN,LOW,Long centroid-to-outlet distance alone does not establish a wrong hydraulic outlet; source network drainage direction/catchment topology is unavailable. Assignment retained.
SC_31380,31380,N_2178148801_a1e1e39,612.4701992784422,nearest selected Existing-network node to projected cell centroid,UNKNOWN,LOW,Long centroid-to-outlet distance alone does not establish a wrong hydraulic outlet; source network drainage direction/catchment topology is unavailable. Assignment retained.
SC_31381,31381,N_2178148801_a1e1e39,700.5200817999137,nearest selected Existing-network node to projected cell centroid,UNKNOWN,LOW,Long centroid-to-outlet distance alone does not establish a wrong hydraulic outlet; source network drainage direction/catchment topology is unavailable. Assignment retained.
SC_31382,31382,N_2178148801_a1e1e39,791.4145721464449,nearest selected Existing-network node to projected cell centroid,UNKNOWN,LOW,Long centroid-to-outlet distance alone does not establish a wrong hydraulic outlet; source network drainage direction/catchment topology is unavailable. Assignment retained.
SC_31383,31383,N_2178148801_a1e1e39,884.2769164727322,nearest selected Existing-network node to projected cell centroid,UNKNOWN,LOW,Long centroid-to-outlet distance alone does not establish a wrong hydraulic outlet; source network drainage direction/catchment topology is unavailable. Assignment retained.
SC_31384,31384,N_2178148801_a1e1e39,978.5470377081044,nearest selected Existing-network node to projected cell centroid,UNKNOWN,LOW,Long centroid-to-outlet distance alone does not establish a wrong hydraulic outlet; source network drainage direction/catchment topology is unavailable. Assignment retained.
SC_31385,31385,N_2178148801_a1e1e39,1073.8542475625309,nearest selected Existing-network node to projected cell centroid,UNKNOWN,LOW,Long centroid-to-outlet distance alone does not establish a wrong hydraulic outlet; source network drainage direction/catchment topology is unavailable. Assignment retained.
SC_31386,31386,N_2178148801_a1e1e39,1169.9451205115872,nearest selected Existing-network node to projected cell centroid,UNKNOWN,LOW,Long centroid-to-outlet distance alone does not establish a wrong hydraulic outlet; source network drainage direction/catchment topology is unavailable. Assignment retained.
SC_31661,31661,N_2178148801_a1e1e39,568.3823053252958,nearest selected Existing-network node to projected cell centroid,UNKNOWN,LOW,Long centroid-to-outlet distance alone does not establish a wrong hydraulic outlet; source network drainage direction/catchment topology is unavailable. Assignment retained.
SC_31662,31662,N_2178148801_a1e1e39,662.319473522922,nearest selected Existing-network node to projected cell centroid,UNKNOWN,LOW,Long centroid-to-outlet distance alone does not establish a wrong hydraulic outlet; source network drainage direction/catchment topology is unavailable. Assignment retained.
SC_31663,31663,N_2178148801_a1e1e39,757.8098211348698,nearest selected Existing-network node to projected cell centroid,UNKNOWN,LOW,Long centroid-to-outlet distance alone does not establish a wrong hydraulic outlet; source network drainage direction/catchment topology is unavailable. Assignment retained.
SC_31666,31666,N_2178148801_a1e1e39,1049.333905394661,nearest selected Existing-network node to projected cell centroid,UNKNOWN,LOW,Long centroid-to-outlet distance alone does not establish a wrong hydraulic outlet; source network drainage direction/catchment topology is unavailable. Assignment retained.
SC_31667,31667,N_2178148801_a1e1e39,1147.4799715078234,nearest selected Existing-network node to projected cell centroid,UNKNOWN,LOW,Long centroid-to-outlet distance alone does not establish a wrong hydraulic outlet; source network drainage direction/catchment topology is unavailable. Assignment retained.
SC_31942,31942,N_2178148801_a1e1e39,539.4415121304816,nearest selected Existing-network node to projected cell centroid,UNKNOWN,LOW,Long centroid-to-outlet distance alone does not establish a wrong hydraulic outlet; source network drainage direction/catchment topology is unavailable. Assignment retained.
SC_31943,31943,N_2178148801_a1e1e39,637.6564788429608,nearest selected Existing-network node to projected cell centroid,UNKNOWN,LOW,Long centroid-to-outlet distance alone does not establish a wrong hydraulic outlet; source network drainage direction/catchment topology is unavailable. Assignment retained.
SC_32222,32222,N_2178148801_a1e1e39,528.143773050808,nearest selected Existing-network node to projected cell centroid,UNKNOWN,LOW,Long centroid-to-outlet distance alone does not establish a wrong hydraulic outlet; source network drainage direction/catchment topology is unavailable. Assignment retained.
SC_32223,32223,N_2178148801_a1e1e39,628.1277616959198,nearest selected Existing-network node to projected cell centroid,UNKNOWN,LOW,Long centroid-to-outlet distance alone does not establish a wrong hydraulic outlet; source network drainage direction/catchment topology is unavailable. Assignment retained.
SC_32502,32502,N_2178148801_a1e1e39,535.6067074029846,nearest selected Existing-network node to projected cell centroid,UNKNOWN,LOW,Long centroid-to-outlet distance alone does not establish a wrong hydraulic outlet; source network drainage direction/catchment topology is unavailable. Assignment retained.
SC_32781,32781,N_2178149701_35cfe2a,550.6815924284022,nearest selected Existing-network node to projected cell centroid,UNKNOWN,LOW,Long centroid-to-outlet distance alone does not establish a wrong hydraulic outlet; source network drainage direction/catchment topology is unavailable. Assignment retained.
SC_33334,33334,N_2179140701_a4903a1,534.4421667564898,nearest selected Existing-network node to projected cell centroid,UNKNOWN,LOW,Long centroid-to-outlet distance alone does not establish a wrong hydraulic outlet; source network drainage direction/catchment topology is unavailable. Assignment retained.
SC_33599,33599,N_2178148201_422147e,557.2312744577808,nearest selected Existing-network node to projected cell centroid,UNKNOWN,LOW,Long centroid-to-outlet distance alone does not establish a wrong hydraulic outlet; source network drainage direction/catchment topology is unavailable. Assignment retained.
SC_33873,33873,N_2179130602_fa94698,550.0681605074174,nearest selected Existing-network node to projected cell centroid,UNKNOWN,LOW,Long centroid-to-outlet distance alone does not establish a wrong hydraulic outlet; source network drainage direction/catchment topology is unavailable. Assignment retained.
SC_33874,33874,N_2179141601_f5fa501,611.7953391919146,nearest selected Existing-network node to projected cell centroid,UNKNOWN,LOW,Long centroid-to-outlet distance alone does not establish a wrong hydraulic outlet; source network drainage direction/catchment topology is unavailable. Assignment retained.
SC_33875,33875,N_2179141601_f5fa501,530.8195334174118,nearest selected Existing-network node to projected cell centroid,UNKNOWN,LOW,Long centroid-to-outlet distance alone does not establish a wrong hydraulic outlet; source network drainage direction/catchment topology is unavailable. Assignment retained.
SC_34146,34146,N_2179135401_9ccfd01,535.6638299652226,nearest selected Existing-network node to projected cell centroid,UNKNOWN,LOW,Long centroid-to-outlet distance alone does not establish a wrong hydraulic outlet; source network drainage direction/catchment topology is unavailable. Assignment retained.
SC_34147,34147,N_2179130602_fa94698,623.0427282352618,nearest selected Existing-network node to projected cell centroid,UNKNOWN,LOW,Long centroid-to-outlet distance alone does not establish a wrong hydraulic outlet; source network drainage direction/catchment topology is unavailable. Assignment retained.
SC_34148,34148,N_2179141601_f5fa501,671.6254886912379,nearest selected Existing-network node to projected cell centroid,UNKNOWN,LOW,Long centroid-to-outlet distance alone does not establish a wrong hydraulic outlet; source network drainage direction/catchment topology is unavailable. Assignment retained.
SC_34149,34149,N_2179141601_f5fa501,598.7959895158559,nearest selected Existing-network node to projected cell centroid,UNKNOWN,LOW,Long centroid-to-outlet distance alone does not establish a wrong hydraulic outlet; source network drainage direction/catchment topology is unavailable. Assignment retained.
SC_34150,34150,N_2179141601_f5fa501,534.8200417531133,nearest selected Existing-network node to projected cell centroid,UNKNOWN,LOW,Long centroid-to-outlet distance alone does not establish a wrong hydraulic outlet; source network drainage direction/catchment topology is unavailable. Assignment retained.
SC_34419,34419,N_2179135401_9ccfd01,538.9276377547518,nearest selected Existing-network node to projected cell centroid,UNKNOWN,LOW,Long centroid-to-outlet distance alone does not establish a wrong hydraulic outlet; source network drainage direction/catchment topology is unavailable. Assignment retained.
SC_34420,34420,N_2179135401_9ccfd01,638.2623588592662,nearest selected Existing-network node to projected cell centroid,UNKNOWN,LOW,Long centroid-to-outlet distance alone does not establish a wrong hydraulic outlet; source network drainage direction/catchment topology is unavailable. Assignment retained.
SC_34421,34421,N_2179135401_9ccfd01,737.7768488759136,nearest selected Existing-network node to projected cell centroid,UNKNOWN,LOW,Long centroid-to-outlet distance alone does not establish a wrong hydraulic outlet; source network drainage direction/catchment topology is unavailable. Assignment retained.
SC_34422,34422,N_2179141601_f5fa501,674.7917434757684,nearest selected Existing-network node to projected cell centroid,UNKNOWN,LOW,Long centroid-to-outlet distance alone does not establish a wrong hydraulic outlet; source network drainage direction/catchment topology is unavailable. Assignment retained.
SC_34423,34423,N_2179141601_f5fa501,618.7242819411535,nearest selected Existing-network node to projected cell centroid,UNKNOWN,LOW,Long centroid-to-outlet distance alone does not establish a wrong hydraulic outlet; source network drainage direction/catchment topology is unavailable. Assignment retained.
SC_34424,34424,N_2179141601_f5fa501,574.7134738842694,nearest selected Existing-network node to projected cell centroid,UNKNOWN,LOW,Long centroid-to-outlet distance alone does not establish a wrong hydraulic outlet; source network drainage direction/catchment topology is unavailable. Assignment retained.
SC_34694,34694,N_2179135401_9ccfd01,656.4191486691265,nearest selected Existing-network node to projected cell centroid,UNKNOWN,LOW,Long centroid-to-outlet distance alone does not establish a wrong hydraulic outlet; source network drainage direction/catchment topology is unavailable. Assignment retained.
SC_34695,34695,N_2179135401_9ccfd01,753.5396066167847,nearest selected Existing-network node to projected cell centroid,UNKNOWN,LOW,Long centroid-to-outlet distance alone does not establish a wrong hydraulic outlet; source network drainage direction/catchment topology is unavailable. Assignment retained.
SC_34696,34696,N_2179141601_f5fa501,756.3935199787617,nearest selected Existing-network node to projected cell centroid,UNKNOWN,LOW,Long centroid-to-outlet distance alone does not establish a wrong hydraulic outlet; source network drainage direction/catchment topology is unavailable. Assignment retained.
SC_34697,34697,N_2179141601_f5fa501,706.8288315189118,nearest selected Existing-network node to projected cell centroid,UNKNOWN,LOW,Long centroid-to-outlet distance alone does not establish a wrong hydraulic outlet; source network drainage direction/catchment topology is unavailable. Assignment retained.
SC_34698,34698,N_2179141601_f5fa501,668.6425330974085,nearest selected Existing-network node to projected cell centroid,UNKNOWN,LOW,Long centroid-to-outlet distance alone does not establish a wrong hydraulic outlet; source network drainage direction/catchment topology is unavailable. Assignment retained.
SC_34969,34969,N_2179135401_9ccfd01,781.8754368459753,nearest selected Existing-network node to projected cell centroid,UNKNOWN,LOW,Long centroid-to-outlet distance alone does not establish a wrong hydraulic outlet; source network drainage direction/catchment topology is unavailable. Assignment retained.
SC_34970,34970,N_2179141601_f5fa501,841.97293131588,nearest selected Existing-network node to projected cell centroid,UNKNOWN,LOW,Long centroid-to-outlet distance alone does not establish a wrong hydraulic outlet; source network drainage direction/catchment topology is unavailable. Assignment retained.
