parameter,scenario,value,output_metric,baseline_output,scenario_output,normalized_sensitivity,evidence
rainfall_multiplier,baseline_100pct,1.0,node_max_depth_m,23.27560043334961,23.27560043334961,not defined at baseline,"Existing Phase 1B SWMM execution; rainfall uncertainty sensitivity, not hydraulic-parameter calibration"
rainfall_multiplier,baseline_100pct,1.0,max_velocity_m_s,14.977828025817871,14.977828025817871,not defined at baseline,"Existing Phase 1B SWMM execution; rainfall uncertainty sensitivity, not hydraulic-parameter calibration"
rainfall_multiplier,baseline_100pct,1.0,max_flow_cms,159.80816650390625,159.80816650390625,not defined at baseline,"Existing Phase 1B SWMM execution; rainfall uncertainty sensitivity, not hydraulic-parameter calibration"
rainfall_multiplier,baseline_100pct,1.0,flooded_nodes,37.0,37.0,not defined at baseline,"Existing Phase 1B SWMM execution; rainfall uncertainty sensitivity, not hydraulic-parameter calibration"
rainfall_multiplier,rainfall_25pct,0.25,node_max_depth_m,23.27560043334961,7.291087627410889,0.9156663348935355,"Existing Phase 1B SWMM execution; rainfall uncertainty sensitivity, not hydraulic-parameter calibration"
rainfall_multiplier,rainfall_25pct,0.25,max_velocity_m_s,14.977828025817871,5.322845935821533,0.8594910711445092,"Existing Phase 1B SWMM execution; rainfall uncertainty sensitivity, not hydraulic-parameter calibration"
rainfall_multiplier,rainfall_25pct,0.25,max_flow_cms,159.80816650390625,55.35707092285156,0.8714706543986415,"Existing Phase 1B SWMM execution; rainfall uncertainty sensitivity, not hydraulic-parameter calibration"
rainfall_multiplier,rainfall_25pct,0.25,flooded_nodes,37.0,4.0,1.1891891891891893,"Existing Phase 1B SWMM execution; rainfall uncertainty sensitivity, not hydraulic-parameter calibration"
rainfall_multiplier,rainfall_50pct,0.5,node_max_depth_m,23.27560043334961,13.13912582397461,0.8709957569860425,"Existing Phase 1B SWMM execution; rainfall uncertainty sensitivity, not hydraulic-parameter calibration"
rainfall_multiplier,rainfall_50pct,0.5,max_velocity_m_s,14.977828025817871,7.8019585609436035,0.9581989394597052,"Existing Phase 1B SWMM execution; rainfall uncertainty sensitivity, not hydraulic-parameter calibration"
rainfall_multiplier,rainfall_50pct,0.5,max_flow_cms,159.80816650390625,125.7909164428711,0.42572605399616625,"Existing Phase 1B SWMM execution; rainfall uncertainty sensitivity, not hydraulic-parameter calibration"
rainfall_multiplier,rainfall_50pct,0.5,flooded_nodes,37.0,13.0,1.2972972972972974,"Existing Phase 1B SWMM execution; rainfall uncertainty sensitivity, not hydraulic-parameter calibration"
rainfall_multiplier,rainfall_75pct,0.75,node_max_depth_m,23.27560043334961,17.955228805541992,0.9143259943893027,"Existing Phase 1B SWMM execution; rainfall uncertainty sensitivity, not hydraulic-parameter calibration"
rainfall_multiplier,rainfall_75pct,0.75,max_velocity_m_s,14.977828025817871,11.75990104675293,0.8593841439541365,"Existing Phase 1B SWMM execution; rainfall uncertainty sensitivity, not hydraulic-parameter calibration"
rainfall_multiplier,rainfall_75pct,0.75,max_flow_cms,159.80816650390625,150.62889099121094,0.2297573575495826,"Existing Phase 1B SWMM execution; rainfall uncertainty sensitivity, not hydraulic-parameter calibration"
rainfall_multiplier,rainfall_75pct,0.75,flooded_nodes,37.0,22.0,1.6216216216216215,"Existing Phase 1B SWMM execution; rainfall uncertainty sensitivity, not hydraulic-parameter calibration"
manning_n,not_run,,peak node depth / flood volume / duration / peak conduit flow,,,not available,No new full runs: observations absent and full-run cost ~211 s; Phase 1B rainfall-only perturbations do not quantify parameter sensitivity.
horton_max_mm_hr,not_run,,peak node depth / flood volume / duration / peak conduit flow,,,not available,No new full runs: observations absent and full-run cost ~211 s; Phase 1B rainfall-only perturbations do not quantify parameter sensitivity.
n_imperv,not_run,,peak node depth / flood volume / duration / peak conduit flow,,,not available,No new full runs: observations absent and full-run cost ~211 s; Phase 1B rainfall-only perturbations do not quantify parameter sensitivity.
