swmm_id,frequency_pct,average_flow_cms,max_flow_cms,volume_ML,source_node_id,component_id,longitude,latitude,invert_elev_thd_m,max_depth_m,max_head_m,max_flooding_rate_cms,boundary_distance_m,connected_conduit_count,flooding_classification
N_2173077305_8b4ff9c,0.0,0.0,0.0,0.0,2173077305,0,72.85045483766054,19.046726667725714,23.226000000000003,0.0,23.22599983215332,0.0,0.0,1,BOUNDARY ZERO DISCHARGE
B_2173077305_18722_44aa90b,0.0,0.0,0.0,0.0,2173077305,0,72.85045483766054,19.046726667725714,23.226000000000003,0.0,23.22599983215332,0.0,0.0,1,BOUNDARY ZERO DISCHARGE
N_2174064701_1c0e380,0.0,0.0,0.0,0.0,2174064701,0,72.85709916580657,19.04141021070405,27.372,0.0,27.371999740600586,0.0,0.0,1,BOUNDARY ZERO DISCHARGE
N_2174064803_0cc77b7,0.0,0.0,0.0,0.0,2174064803,0,72.85679053740118,19.04162702378537,28.3,0.0,28.299999237060547,0.0,0.0,1,BOUNDARY ZERO DISCHARGE
N_2174064805_a506297,0.0,0.0,0.0,0.0,2174064805,0,72.85719373068055,19.04218269573359,26.246,0.0,26.246000289916992,0.0,0.0,1,BOUNDARY ZERO DISCHARGE
B_2174064805_21889_98742e6,0.0,0.0,0.0,0.0,2174064805,0,72.85719373068055,19.04218269573359,26.246,0.0,26.246000289916992,0.0,0.0,1,BOUNDARY ZERO DISCHARGE
N_2174064903_3cac65e,0.0,0.0,0.0,0.0,2174064903,0,72.8571801572402,19.04301805703112,26.6,0.0,26.600000381469727,0.0,0.0,1,BOUNDARY ZERO DISCHARGE
N_2174071601_6974c5a,0.0,0.0,0.0,0.0,2174071601,0,72.85431700020257,19.0489553563726,24.0,0.0,24.0,0.0,0.0,1,BOUNDARY ZERO DISCHARGE
N_2175084101_b4b5d69,99.84,0.935,3.934,70.694,2175084101,0,72.86660162584428,19.05419834321641,24.067,0.10811269283294678,24.175111770629883,0.0,0.0,1,BOUNDARY DISCHARGE; NO NODE FLOODING
N_2175086503_f360a45,99.4,1.544,9.894,116.088,2175086503,3,72.86803473403624,19.057686849941064,25.9,0.0,25.899999618530273,0.0,0.0,1,BOUNDARY DISCHARGE; NO NODE FLOODING
N_2175087701_307a8c8,99.94,3.594,23.517,271.58,2175087701,4,72.86904510546482,19.059564734580903,26.34,0.8028975129127502,27.142898559570312,0.0,0.0,1,BOUNDARY DISCHARGE; NO NODE FLOODING
N_2176047501_f0a8210,79.36,45.193,137.621,2712.202,2176047501,1,72.87852252156227,19.02145594420241,22.99,0.856130063533783,23.84613037109375,0.0,0.0,1,BOUNDARY DISCHARGE; NO NODE FLOODING
N_2176100501_68ba9bb,99.15,0.862,5.358,64.77,2176100501,6,72.87145329661351,19.07584812458124,25.68,0.0,25.68000030517578,0.0,0.0,1,BOUNDARY DISCHARGE; NO NODE FLOODING
N_2176101102_5f7c28b,99.95,3.56,22.854,269.222,2176101102,5,72.87247493199202,19.07204198523334,25.0,0.36125266551971436,25.361251831054688,0.0,0.0,1,BOUNDARY DISCHARGE; NO NODE FLOODING
N_2176105901_8e4a718,97.51,0.242,1.523,17.853,2176105901,7,72.87608125083808,19.07909999269296,26.108,0.0,26.107999801635742,0.0,0.0,1,BOUNDARY DISCHARGE; NO NODE FLOODING
N_2176106801_bf8d0f2,99.74,5.778,35.998,436.298,2176106801,8,72.87767399695053,19.07839301736713,25.0,1.991999864578247,26.992000579833984,0.0,0.0,1,BOUNDARY DISCHARGE; NO NODE FLOODING
N_2176118001_39083b9,99.96,8.355,37.641,632.904,2176118001,9,72.87910230793837,19.079929665886468,24.0,0.5699422359466553,24.569942474365234,0.0,0.0,1,BOUNDARY DISCHARGE; NO NODE FLOODING
N_2176118501_30ef276,99.78,6.004,26.237,453.629,2176118501,10,72.87868269913649,19.085032435460725,26.8,1.4550000429153442,28.2549991607666,0.0,0.0,1,BOUNDARY DISCHARGE; NO NODE FLOODING
N_2176138203_88f3c46,99.91,6.282,39.694,474.487,2176138203,2,72.8790646398249,19.09971936142345,26.102,0.5438191294670105,26.64581871032715,0.0,0.0,1,BOUNDARY DISCHARGE; NO NODE FLOODING
N_2177097806_caa1d43,90.42,0.473,3.147,32.31,2177097806,11,72.88739413626845,19.069538796812477,26.128,0.17345750331878662,26.30145835876465,0.0,0.0,1,BOUNDARY DISCHARGE; NO NODE FLOODING
N_2177097806_51c2a6a,99.13,0.272,2.23,20.373,2177097806!,12,72.88739413626845,19.069538796812477,26.128,0.14075858891010284,26.26875877380371,0.0,0.0,1,BOUNDARY DISCHARGE; NO NODE FLOODING
N_2177105016_eb627b3,99.3,9.739,82.513,731.066,2177105016,11,72.88607241744654,19.07120735008693,25.239,0.47242236137390137,25.711421966552734,0.0,0.0,1,BOUNDARY DISCHARGE; NO NODE FLOODING
N_2177105016_1390709,98.04,8.524,63.47,631.583,2177105016!,12,72.88607241744654,19.07120735008693,25.239,0.4622270166873932,25.70122718811035,0.0,0.0,1,BOUNDARY DISCHARGE; NO NODE FLOODING
N_2177120801_2c22465,99.96,27.729,179.969,2096.822,2177120801,13,72.8811257646934,19.096153773232857,26.307,2.3225629329681396,28.629562377929688,0.0,0.0,1,BOUNDARY DISCHARGE; NO NODE FLOODING
N_2178134809_50e5d42,99.71,4.841,17.144,365.194,2178134809,15,72.89439841943968,19.105834016083456,38.688,1.4479193687438965,40.13591766357422,0.0,0.0,1,BOUNDARY DISCHARGE; NO NODE FLOODING
N_2178135403_c4ee85a,99.89,2.733,16.883,206.816,2178135403,16,72.89508086047174,19.102365112436683,38.7,1.6092298030853271,40.30923080444336,0.0,0.0,1,BOUNDARY DISCHARGE; NO NODE FLOODING
N_2178137603_2aa84df,99.85,6.397,19.129,484.606,2178137603,15,72.89671286149184,19.104127993459382,39.7,1.474474549293518,41.174476623535156,0.0,0.0,1,BOUNDARY DISCHARGE; NO NODE FLOODING
B_2178137603_29700_aaa625c,99.69,4.629,26.186,349.281,2178137603,15,72.89671286149184,19.104127993459382,39.7,0.0,39.70000076293945,0.0,0.0,1,BOUNDARY DISCHARGE; NO NODE FLOODING
N_2178142104_fff4fcd,99.8,9.713,39.198,733.969,2178142104,17,72.89245311480984,19.108175621550597,37.736,1.6478993892669678,39.3838996887207,0.0,0.0,1,BOUNDARY DISCHARGE; NO NODE FLOODING
N_2178143001_58242ba,99.16,0.376,2.302,28.232,2178143001,18,72.89283402926364,19.107510656677697,37.437000000000005,0.2784975469112396,37.71549606323242,0.0,0.0,1,BOUNDARY DISCHARGE; NO NODE FLOODING
N_2178146205_d4a0388,99.85,7.875,35.839,593.668,2178146205,15,72.89617914751244,19.10898694044336,40.052,1.5454177856445312,41.597415924072266,0.0,0.0,1,BOUNDARY DISCHARGE; NO NODE FLOODING
N_2179105001_f9bc8c5,75.96,0.284,1.417,16.301,2179105001,14,72.90515422704017,19.07183075538208,25.155,0.07078342884778976,25.225784301757812,0.0,0.0,1,BOUNDARY DISCHARGE; NO NODE FLOODING
B_2179105001_30077_d46d12c,0.0,0.0,0.0,0.0,2179105001,14,72.90515422704017,19.07183075538208,25.155,0.0,25.155000686645508,0.0,0.0,1,BOUNDARY ZERO DISCHARGE
N_2179111206_18125e0,95.34,3.669,31.428,264.252,2179111206,19,72.90146469295276,19.081984125453747,28.294,0.9269383549690247,29.22093963623047,0.0,0.0,1,BOUNDARY DISCHARGE; NO NODE FLOODING
