conduit_id,source_conduit_id,us_source_node_id,ds_source_node_id,us_node_elevation_m,ds_node_elevation_m,node_elevation_delta_m,length_m,raw_slope_m_per_m,source_us_invert_m,source_ds_invert_m,us_elevation_source,ds_elevation_source,classification
C_22003,22003,2174067503,2174067504,26.549000000000003,26.549000000000003,0.0,8.9,0.0,26.549000000000003,26.549000000000003,SOURCE-DERIVED invert; DERIVED DEM ground and cover,SOURCE-DERIVED invert; DERIVED DEM ground and cover,SOURCE_ENDPOINT_DELTA_BELOW_SWMM_MINIMUM
C_22395,22395,2174079310,2174079313,24.92,24.868,0.052000000000003155,41.5,0.0,24.92,24.92,SOURCE-DERIVED invert; DERIVED DEM ground and cover,SOURCE-DERIVED invert; DERIVED DEM ground and cover,SWMM_WARNING_SOURCE_VS_NODE_ELEVATION_MISMATCH_REVIEW
C_24635,24635,2175071501,2175071503,24.913,24.913,0.0,16.1,0.0,24.913,24.913,SOURCE-DERIVED invert; DERIVED DEM ground and cover,SOURCE-DERIVED invert; DERIVED DEM ground and cover,SOURCE_ENDPOINT_DELTA_BELOW_SWMM_MINIMUM
C_24648,24648,2175071601,2175071604,24.91,24.91,0.0,33.3,0.0,24.91,24.91,SOURCE-DERIVED invert; DERIVED DEM ground and cover,SOURCE-DERIVED invert; DERIVED DEM ground and cover,SOURCE_ENDPOINT_DELTA_BELOW_SWMM_MINIMUM
C_24680,24680,2175072701,2175072704,24.906,24.906,0.0,29.9,0.0,24.906,24.906,SOURCE-DERIVED invert; DERIVED DEM ground and cover,SOURCE-DERIVED invert; DERIVED DEM ground and cover,SOURCE_ENDPOINT_DELTA_BELOW_SWMM_MINIMUM
C_24697,24697,2175072807,2175073804,24.903,24.903,0.0,18.0,0.0,24.903,24.903,SOURCE-DERIVED invert; DERIVED DEM ground and cover,SOURCE-DERIVED invert; DERIVED DEM ground and cover,SOURCE_ENDPOINT_DELTA_BELOW_SWMM_MINIMUM
C_26786,26786,2176086301,2176086201,25.273,25.273,0.0,30.0,0.0,25.273,25.273,SOURCE-DERIVED invert; ASSUMED rim depth,SOURCE-DERIVED invert; DERIVED DEM ground and cover,SOURCE_ENDPOINT_DELTA_BELOW_SWMM_MINIMUM
C_28076,28076,2177081202,2177081201,26.917,26.917,0.0,12.9,0.0,26.917,26.917,SOURCE-DERIVED invert; DERIVED DEM ground and cover,SOURCE-DERIVED invert; DERIVED DEM ground and cover,SOURCE_ENDPOINT_DELTA_BELOW_SWMM_MINIMUM
C_28143,28143,2177092502,2177092503,26.99,26.99,0.0,5.8,0.0,26.99,26.99,SOURCE-DERIVED invert; DERIVED DEM ground and cover,SOURCE-DERIVED invert; DERIVED DEM ground and cover,SOURCE_ENDPOINT_DELTA_BELOW_SWMM_MINIMUM
C_28153,28153,2177092602,2177092603,26.994,26.994,0.0,8.1,0.0,26.994,26.994,SOURCE-DERIVED invert; DERIVED DEM ground and cover,SOURCE-DERIVED invert; DERIVED DEM ground and cover,SOURCE_ENDPOINT_DELTA_BELOW_SWMM_MINIMUM
C_28207,28207,2177095004,2177095003,26.031,26.031,0.0,3.3000000000000003,0.0,26.031,26.031,SOURCE-DERIVED invert; DERIVED DEM ground and cover,SOURCE-DERIVED invert; DERIVED DEM ground and cover,SOURCE_ENDPOINT_DELTA_BELOW_SWMM_MINIMUM
C_28222,28222,2177096801!,2177096802!,26.133000000000003,26.133000000000003,0.0,2.1,0.0,26.133000000000003,26.133000000000003,SOURCE-DERIVED invert; DERIVED DEM ground and cover,SOURCE-DERIVED invert; DERIVED DEM ground and cover,SOURCE_ENDPOINT_DELTA_BELOW_SWMM_MINIMUM
C_28223,28223,2177096801,2177096802,26.133000000000003,26.133000000000003,0.0,2.1,0.0,26.133000000000003,26.133000000000003,SOURCE-DERIVED invert; DERIVED DEM ground and cover,SOURCE-DERIVED invert; DERIVED DEM ground and cover,SOURCE_ENDPOINT_DELTA_BELOW_SWMM_MINIMUM
C_28228,28228,2177096804!,2177096805!,26.129,26.129,0.0,8.700000000000001,0.0,26.129,26.129,SOURCE-DERIVED invert; DERIVED DEM ground and cover,SOURCE-DERIVED invert; DERIVED DEM ground and cover,SOURCE_ENDPOINT_DELTA_BELOW_SWMM_MINIMUM
C_28229,28229,2177096804,2177096805,26.129,26.129,0.0,8.700000000000001,0.0,26.129,26.129,SOURCE-DERIVED invert; DERIVED DEM ground and cover,SOURCE-DERIVED invert; DERIVED DEM ground and cover,SOURCE_ENDPOINT_DELTA_BELOW_SWMM_MINIMUM
C_28244,28244,2177096907!,2177096801!,26.133000000000003,26.133000000000003,0.0,5.0,0.0,26.133000000000003,26.133000000000003,SOURCE-DERIVED invert; DERIVED DEM ground and cover,SOURCE-DERIVED invert; DERIVED DEM ground and cover,SOURCE_ENDPOINT_DELTA_BELOW_SWMM_MINIMUM
C_28245,28245,2177096907,2177096801,26.133000000000003,26.133000000000003,0.0,5.0,0.0,26.133000000000003,26.133000000000003,SOURCE-DERIVED invert; DERIVED DEM ground and cover,SOURCE-DERIVED invert; DERIVED DEM ground and cover,SOURCE_ENDPOINT_DELTA_BELOW_SWMM_MINIMUM
C_28255,28255,2177097603,2177097604,26.101000000000003,26.101000000000003,0.0,5.4,0.0,26.101000000000003,26.101000000000003,SOURCE-DERIVED invert; DERIVED DEM ground and cover,SOURCE-DERIVED invert; DERIVED DEM ground and cover,SOURCE_ENDPOINT_DELTA_BELOW_SWMM_MINIMUM
C_28276,28276,2177098404,2177098403,26.081,26.081,0.0,9.9,0.0,26.081,26.081,SOURCE-DERIVED invert; DERIVED DEM ground and cover,SOURCE-DERIVED invert; DERIVED DEM ground and cover,SOURCE_ENDPOINT_DELTA_BELOW_SWMM_MINIMUM
C_28280,28280,2177098501,2177098405,26.082,26.082,0.0,7.1000000000000005,0.0,26.082,26.082,SOURCE-DERIVED invert; DERIVED DEM ground and cover,SOURCE-DERIVED invert; DERIVED DEM ground and cover,SOURCE_ENDPOINT_DELTA_BELOW_SWMM_MINIMUM
C_28929,28929,2178061006,2178061003,26.7,26.26,0.4399999999999977,25.5,0.0,26.7,26.7,SOURCE-DERIVED invert; DERIVED DEM ground and cover,SOURCE-DERIVED invert; ASSUMED rim depth,SWMM_WARNING_SOURCE_VS_NODE_ELEVATION_MISMATCH_REVIEW
C_28961,28961,2178062806,2178062805,27.521,27.521,0.0,7.6,0.0,27.521,27.521,SOURCE-DERIVED invert; DERIVED DEM ground and cover,SOURCE-DERIVED invert; DERIVED DEM ground and cover,SOURCE_ENDPOINT_DELTA_BELOW_SWMM_MINIMUM
C_28979,28979,2178063901,2178063807,28.329,28.329,0.0,4.0,0.0,28.329,28.329,SOURCE-DERIVED invert; DERIVED DEM ground and cover,SOURCE-DERIVED invert; DERIVED DEM ground and cover,SOURCE_ENDPOINT_DELTA_BELOW_SWMM_MINIMUM
C_28998,28998,2178064802,2178064801,29.563,29.563,0.0,7.6,0.0,29.563,29.563,SOURCE-DERIVED invert; DERIVED DEM ground and cover,SOURCE-DERIVED invert; DERIVED DEM ground and cover,SOURCE_ENDPOINT_DELTA_BELOW_SWMM_MINIMUM
C_29131,29131,2178092602!,2178092603!,26.658,26.658,0.0,11.4,0.0,26.658,26.658,SOURCE-DERIVED invert; DERIVED DEM ground and cover,SOURCE-DERIVED invert; DERIVED DEM ground and cover,SOURCE_ENDPOINT_DELTA_BELOW_SWMM_MINIMUM
C_29146,29146,2178093301,2178092303,26.441000000000003,26.441000000000003,0.0,30.3,0.0,26.441000000000003,26.441000000000003,SOURCE-DERIVED invert; DERIVED DEM ground and cover,SOURCE-DERIVED invert; DERIVED DEM ground and cover,SOURCE_ENDPOINT_DELTA_BELOW_SWMM_MINIMUM
C_29478,29478,2178115901!,2178115902!,35.5,35.5,0.0,7.9,0.0,35.5,35.5,SOURCE-DERIVED invert; DERIVED DEM ground and cover,SOURCE-DERIVED invert; DERIVED DEM ground and cover,SOURCE_ENDPOINT_DELTA_BELOW_SWMM_MINIMUM
C_29479,29479,2178115901,2178115902,35.5,35.5,0.0,7.9,0.0,35.5,35.5,SOURCE-DERIVED invert; DERIVED DEM ground and cover,SOURCE-DERIVED invert; DERIVED DEM ground and cover,SOURCE_ENDPOINT_DELTA_BELOW_SWMM_MINIMUM
C_29495,29495,2178116901,2178116902,35.800000000000004,35.800000000000004,0.0,5.6000000000000005,0.0,35.800000000000004,35.800000000000004,SOURCE-DERIVED invert; DERIVED DEM ground and cover,SOURCE-DERIVED invert; DERIVED DEM ground and cover,SOURCE_ENDPOINT_DELTA_BELOW_SWMM_MINIMUM
C_29536,29536,2178125001!,2178125002!,37.6,37.6,0.0,3.9,0.0,37.6,37.6,SOURCE-DERIVED invert; DERIVED DEM ground and cover,SOURCE-DERIVED invert; DERIVED DEM ground and cover,SOURCE_ENDPOINT_DELTA_BELOW_SWMM_MINIMUM
C_29537,29537,2178125001,2178125002,37.6,37.6,0.0,3.9,0.0,37.6,37.6,SOURCE-DERIVED invert; DERIVED DEM ground and cover,SOURCE-DERIVED invert; DERIVED DEM ground and cover,SOURCE_ENDPOINT_DELTA_BELOW_SWMM_MINIMUM
C_29548,29548,2178125102!,2178125103!,42.1,42.1,0.0,32.6,0.0,42.1,42.1,SOURCE-DERIVED invert; DERIVED DEM ground and cover,SOURCE-DERIVED invert; DERIVED DEM ground and cover,SOURCE_ENDPOINT_DELTA_BELOW_SWMM_MINIMUM
C_29549,29549,2178125102,2178125103,42.1,42.1,0.0,32.6,0.0,42.1,42.1,SOURCE-DERIVED invert; DERIVED DEM ground and cover,SOURCE-DERIVED invert; DERIVED DEM ground and cover,SOURCE_ENDPOINT_DELTA_BELOW_SWMM_MINIMUM
C_30068,30068,2179104101,2179104102,25.271,25.271,0.0,31.8,0.0,25.271,25.271,SOURCE-DERIVED invert; DERIVED DEM ground and cover,SOURCE-DERIVED invert; DERIVED DEM ground and cover,SOURCE_ENDPOINT_DELTA_BELOW_SWMM_MINIMUM
C_30255,30255,2179122602,2179122603,49.707,49.707,0.0,12.4,0.0,49.707,49.707,SOURCE-DERIVED invert; DERIVED DEM ground and cover,SOURCE-DERIVED invert; DERIVED DEM ground and cover,SOURCE_ENDPOINT_DELTA_BELOW_SWMM_MINIMUM
C_30284,30284,2179123502,2179123501,46.478,46.478,0.0,8.1,0.0,46.478,46.478,SOURCE-DERIVED invert; DERIVED DEM ground and cover,SOURCE-DERIVED invert; DERIVED DEM ground and cover,SOURCE_ENDPOINT_DELTA_BELOW_SWMM_MINIMUM
