node_id,max_depth_m,node_elevation_m,max_head_m,flooding_rate_peak_cms,flooding_volume_m3,connected_conduit_count,inflow_volume_m3,outflow_volume_m3,subcatchment_inflow_volume_m3,boundary_status,boundary_distance_m,depth_classification,distance_class
2178143402,23.27560043334961,62.93364794921875,62.93360137939453,2.1142914295196533,3763.9668703079224,1,0.0,501537.30584855727,505288.932819193,False,329.0,HIGH_DEPTH > 10 m,FAR > 250 m
2178143401,17.597658157348633,58.41251071166992,57.20965576171875,0.0,0.0,2,501537.30584855727,528944.8583794247,27402.37057349291,False,299.1,HIGH_DEPTH > 10 m,FAR > 250 m
2177129101,10.21049976348877,54.87054904174805,54.87049865722656,12.474531173706055,44266.735339164734,1,0.0,226501.22853705753,270755.91260726214,False,1870.2,HIGH_DEPTH > 10 m,FAR > 250 m
2178143303,9.411399841308594,49.006377059936526,49.00640106201172,24.489582061767578,86948.6866235733,2,528944.8583794247,496295.8439553707,54295.48040952577,False,270.6,ELEVATED_DEPTH > 5 m,FAR > 250 m
2177117804,9.175992012023926,43.45855982971192,43.2759895324707,0.0,0.0,2,334608.5809826551,363086.968538033,28142.509912738024,False,1369.3,ELEVATED_DEPTH > 5 m,FAR > 250 m
2177119801,8.205696105957031,49.42575915527344,48.68569564819336,0.0,0.0,2,268968.1119690068,306007.8303872055,36999.68606140347,False,1569.3,ELEVATED_DEPTH > 5 m,FAR > 250 m
2179141701,8.156210899353027,66.45698626708985,55.85421371459961,0.0,0.0,2,267617.43785566,420195.4098996549,154114.3320805112,False,994.6,ELEVATED_DEPTH > 5 m,FAR > 250 m
2177117803,8.120018005371094,43.45855982971192,41.97901916503906,0.0,0.0,2,363086.968538033,381651.98526334675,18671.558962531388,False,1341.5,ELEVATED_DEPTH > 5 m,FAR > 250 m
2177129001,8.038790702819824,52.53056796264649,52.32678985595703,0.0,0.0,2,226501.22853705753,235952.73116401047,9432.564057865648,False,1784.2,ELEVATED_DEPTH > 5 m,FAR > 250 m
2179141601,7.955699920654297,55.95571406555176,55.9556999206543,16.427581787109375,43738.24553489685,1,0.0,267617.43785566,311570.1107648032,False,1056.6,ELEVATED_DEPTH > 5 m,FAR > 250 m
2178143302,7.900899887084961,47.39787371826172,47.39790344238281,5.1829304695129395,20615.99943637848,2,496295.8439553707,494380.89311194443,18688.717918043178,False,240.00000000000003,ELEVATED_DEPTH > 5 m,NEAR <= 250 m
2179140701,7.837882041931152,61.254010040283205,55.03688430786133,0.0,0.0,2,420195.4098996549,464095.8801598724,43512.40347778625,False,892.0,ELEVATED_DEPTH > 5 m,FAR > 250 m
2178149701,7.825160503387451,67.46746905517578,54.02516174316406,0.0,0.0,2,464095.8801598724,567307.0919508544,104647.54081742313,False,797.7,ELEVATED_DEPTH > 5 m,FAR > 250 m
2176098001,7.729039192199707,36.05657275390625,35.00904083251953,0.0,0.0,1,0.0,341431.49650283466,341419.2721063562,False,4925.499999999998,ELEVATED_DEPTH > 5 m,FAR > 250 m
2176088901,7.436506748199463,36.20529063415528,34.688507080078125,0.0,0.0,2,341431.49650283466,404651.6044028157,63193.02988948475,False,4888.699999999998,ELEVATED_DEPTH > 5 m,FAR > 250 m
2177113804,7.146699905395508,38.4466713256836,38.44670104980469,0.36814084649086,653.3398747444153,1,0.0,35206.20242732093,35856.70853601287,False,1146.8000000000002,ELEVATED_DEPTH > 5 m,FAR > 250 m
2177117801,7.061708927154541,40.43719943237305,40.43471145629883,0.0,0.0,2,148204.16383567112,176268.39057729434,27967.825090360202,False,1283.3999999999999,ELEVATED_DEPTH > 5 m,FAR > 250 m
2178133002,7.027289390563965,44.36728556823731,43.938289642333984,0.0,0.0,2,356255.40708614484,380728.3552020184,28143.494140379516,False,1934.3999999999996,ELEVATED_DEPTH > 5 m,FAR > 250 m
2177117802,7.027200222015381,40.43719943237305,40.437198638916016,16.192556381225586,233624.13230091333,2,381651.98526334675,148204.16383567112,0.0,False,1289.6,ELEVATED_DEPTH > 5 m,FAR > 250 m
2178148701,6.99446964263916,62.43601687622071,51.494468688964844,0.0,0.0,2,901058.3915837568,963337.9540185425,61348.34444085757,False,614.2,ELEVATED_DEPTH > 5 m,FAR > 250 m
