conduit_id,source_us_invert_m,source_ds_invert_m,raw_slope_m_per_m,max_flow_cms,max_velocity_m_s,max_capacity_ratio,component_id_graph,us_source_node_id,ds_source_node_id,classification
29726,39.612,39.595,0.0005964912280702,42.87131881713867,14.977828025817871,1.0,19,2178143401,2178143303,BOUNDARY_ADJACENT
29727,39.658,39.612,0.0015384615384615,40.58124923706055,12.747952461242676,1.0,19,2178143402,2178143401,BOUNDARY_ADJACENT
28615,28.757,28.752,0.0002450980392156,144.0563201904297,9.502728462219238,1.0,14,2177123901,2177123803,BOUNDARY_ADJACENT
29707,37.901,37.736,0.0055369127516778,38.42862319946289,7.772151470184326,0.999969482421875,19,2178142101,2178142104,BOUNDARY_ADJACENT
28402,26.23,25.239,0.110111111111111,54.95419692993164,7.754156589508057,0.20914487540721893,12,2177105015,2177105016,BOUNDARY_ADJACENT
28400,26.23,25.239,0.110111111111111,53.038291931152344,7.398305416107178,0.21693946421146393,13,2177105015!,2177105016!,BOUNDARY_ADJACENT
29724,39.497,39.32,0.0058415841584158,22.598968505859375,7.256407260894775,1.0,19,2178143302,2178143301,BOUNDARY_ADJACENT
28613,28.701,28.6,0.004391304347826,155.87416076660156,6.919720649719238,0.8695015907287598,14,2177123802,2177123801,BOUNDARY_ADJACENT
29714,38.909,38.616,0.0097666666666666,28.488739013671875,6.7437424659729,1.0,19,2178142204,2178142203,BOUNDARY_ADJACENT
29700,41.726,40.0,0.0107807620237351,26.185897827148438,6.6454267501831055,0.9850000143051147,18,2178138601,2178137603,BOUNDARY_ADJACENT
29713,38.616,38.309000000000005,0.0119921874999998,30.786897659301758,6.624374866485596,1.0,19,2178142203,2178142202,BOUNDARY_ADJACENT
29647,36.655,36.29,0.0122895622895623,32.200931549072266,6.614792823791504,1.0,14,2178133001,2178132001,BOUNDARY_ADJACENT
29648,36.911,36.655,0.0092753623188405,31.43674087524414,6.610432147979736,1.0,14,2178133002,2178133001,BOUNDARY_ADJACENT
28523,26.825000000000003,26.528,0.0098671096345515,13.850454330444336,6.498386383056641,0.9476306438446045,10,2177110002,2176119003,BOUNDARY_ADJACENT
29712,38.309000000000005,38.214,0.0120253164556969,30.78721809387207,6.457686424255371,1.0,19,2178142202,2178142201,BOUNDARY_ADJACENT
29620,35.478,35.209,0.0092123287671232,37.57346725463867,6.422099590301514,1.0,14,2178132102,2178132101,BOUNDARY_ADJACENT
29711,38.214,38.062000000000005,0.0055677655677653,30.785852432250977,6.3534417152404785,1.0,19,2178142201,2178142102,BOUNDARY_ADJACENT
29764,43.5,43.1,0.0034275921165381,37.78763961791992,6.327268600463867,0.9977244734764099,16,2178148401,2178148301,BOUNDARY_ADJACENT
29725,39.595,39.497,0.0032026143790849,22.958181381225586,6.3004374504089355,1.0,19,2178143303,2178143302,BOUNDARY_ADJACENT
29619,35.209,34.942,0.0088704318936878,39.10679626464844,6.244899749755859,1.0,14,2178132101,2178132202,BOUNDARY_ADJACENT
