outfall_id,x_utm43,y_utm43,lon,lat,invert_elev_thd_m,invert_elev_msl_m,ground_elev_thd_m,ground_elev_msl_m,outfall_type,tide_curve_name,gated
2067965301,267524.0,2096385.0,72.792336,18.946703,25.5,-1.932,28.786,1.354,FREE,TIDE_ARABIAN_SEA,NO
2067965701,267512.3,2096779.7,72.792178,18.950266,26.3,-1.132,29.432,2.0,FREE,TIDE_ARABIAN_SEA,NO
2067965901,267591.0,2096909.0,72.792909,18.951443,27.8,0.368,29.3,1.868,FREE,TIDE_ARABIAN_SEA,NO
2067966001,267628.8,2096090.96,72.793365,18.94406,27.5,0.068,29.0,1.568,FREE,TIDE_ARABIAN_SEA,NO
2067976001,267665.5,2097043.0,72.793601,18.952662,28.5,1.068,29.7,2.268,FREE,TIDE_ARABIAN_SEA,NO
2067969001,267902.5,2096049.3,72.795968,18.943714,26.5,-0.932,28.0,0.568,FREE,TIDE_ARABIAN_SEA,NO
2067977101,267728.7,2097102.0,72.794194,18.953201,28.0,0.568,29.9,2.468,FREE,TIDE_ARABIAN_SEA,NO
2067978301,267887.0,2097316.0,72.795671,18.955152,25.5,-1.932,35.656,8.224,FREE,TIDE_ARABIAN_SEA,NO
2068916401,268644.1,2091477.9,72.803546,18.902513,26.4,-1.032,27.932,0.5,FREE,TIDE_ARABIAN_SEA,NO
2068918001,268805.7,2091002.9,72.805136,18.898241,24.5,-2.932,28.628,1.196,FREE,TIDE_ARABIAN_SEA,NO
2068926101,268686.0,2092100.0,72.80387,18.908136,23.98,-3.452,27.932,0.5,FREE,TIDE_ARABIAN_SEA,NO
2068961402,268132.2,2096439.6,72.798102,18.947265,26.2,-1.232,27.932,0.5,FREE,TIDE_ARABIAN_SEA,NO
2068966805,268680.3,2096808.8,72.80326,18.950661,26.0,-1.432,29.432,2.0,FREE,TIDE_ARABIAN_SEA,NO
2068970501,268069.7,2097504.0,72.797382,18.95687,26.13,-1.302,30.535,3.103,FREE,TIDE_ARABIAN_SEA,NO
2068970601,268002.0,2097669.0,72.79672,18.958353,24.43,-3.002,27.932,0.5,FREE,TIDE_ARABIAN_SEA,NO
2068970502,268090.2,2097507.7,72.797577,18.956906,26.14,-1.292,30.535,3.103,FREE,TIDE_ARABIAN_SEA,NO
2068973801,268338.0,2097859.0,72.799887,18.960107,24.43,-3.002,27.932,0.5,FREE,TIDE_ARABIAN_SEA,NO
2068979002,268937.45,2097035.1,72.805674,18.952734,26.0,-1.432,27.932,0.5,FREE,TIDE_ARABIAN_SEA,NO
2068984101,268466.0,2098164.0,72.801066,18.962876,25.44,-1.992,31.086,3.654,FREE,TIDE_ARABIAN_SEA,NO
2068985201,268517.5,2098277.4,72.801541,18.963906,25.624,-1.808,27.932,0.5,FREE,TIDE_ARABIAN_SEA,NO
2068985301,268585.0,2098353.0,72.802173,18.964596,27.0,-0.432,39.414,11.982,FREE,TIDE_ARABIAN_SEA,NO
2068986802,268645.3,2098809.2,72.802691,18.968723,26.5,-0.932,34.432,7.0,FREE,TIDE_ARABIAN_SEA,NO
2068986501,268677.0,2098503.0,72.803029,18.965961,24.101,-3.331,30.47,3.038,FREE,TIDE_ARABIAN_SEA,NO
2069902801,269259.4,2090877.6,72.809455,18.897161,28.0,0.568,34.861,7.429,FREE,TIDE_ARABIAN_SEA,NO
2069903603,269359.94,2090607.41,72.810441,18.894732,24.5,-2.932,37.011,9.579,FREE,TIDE_ARABIAN_SEA,NO
2069909901,269949.5,2090917.4,72.815998,18.897597,26.5,-0.932,28.0,0.568,FREE,TIDE_ARABIAN_SEA,NO
2069921703,269178.0,2092781.0,72.808459,18.914341,21.0,-6.432,27.662,0.23,FREE,TIDE_ARABIAN_SEA,NO
2069921801,269155.1,2092809.2,72.808238,18.914593,20.98,-6.452,27.932,0.5,FREE,TIDE_ARABIAN_SEA,NO
2069927801,269714.0,2092892.0,72.813532,18.915404,23.0,-4.432,27.432,0.0,FREE,TIDE_ARABIAN_SEA,NO
2069928301,269834.0,2092373.0,72.814732,18.91073,24.5,-2.932,30.432,3.0,FREE,TIDE_ARABIAN_SEA,NO
2069928302,269898.8,2092388.4,72.815345,18.910876,24.0,-3.432,32.461,5.029,FREE,TIDE_ARABIAN_SEA,NO
2069971202,269145.93,2097234.88,72.807629,18.954561,26.0,-1.432,27.932,0.5,FREE,TIDE_ARABIAN_SEA,NO
2069995801,269502.0,2099847.0,72.810701,18.978191,26.3,-1.132,37.068,9.636,FREE,TIDE_ARABIAN_SEA,NO
2069995803,269540.3,2099871.6,72.811062,18.978418,21.4,-6.032,29.127,1.695,FREE,TIDE_ARABIAN_SEA,NO
2069996810,269632.7,2099878.2,72.811938,18.978488,21.5,-5.932,31.271,3.839,FREE,TIDE_ARABIAN_SEA,NO
2069929901,269991.8,2092966.9,72.81616,18.916111,23.5,-3.932,30.025,2.593,FREE,TIDE_ARABIAN_SEA,NO
2070911901,270172.7,2091971.1,72.817993,18.907138,26.0,-1.432,27.932,0.5,FREE,TIDE_ARABIAN_SEA,NO
2070925201,270503.4,2092255.7,72.821098,18.909745,24.4,-3.032,27.932,0.5,FREE,TIDE_ARABIAN_SEA,NO
2070932101,270271.7,2093154.3,72.818794,18.917835,23.9,-3.532,27.645,0.213,FREE,TIDE_ARABIAN_SEA,NO
2070933002,270321.5,2093110.2,72.819271,18.917442,23.5,-3.932,27.8,0.368,FREE,TIDE_ARABIAN_SEA,NO
2070935701,270513.0,2093747.0,72.821014,18.923215,27.33,-0.102,28.63,1.198,FREE,TIDE_ARABIAN_SEA,NO
2070936001,270669.4,2093088.8,72.822575,18.917288,24.55,-2.882,28.073,0.641,FREE,TIDE_ARABIAN_SEA,NO
2070939301,270937.4,2093319.5,72.825092,18.919401,23.5,-3.932,27.855,0.423,FREE,TIDE_ARABIAN_SEA,NO
2070943102,270362.0,2094163.0,72.819532,18.926955,26.3,-1.132,29.744,2.312,FREE,TIDE_ARABIAN_SEA,NO
2070945402,270585.0,2094454.0,72.821615,18.929608,22.0,-5.432,34.688,7.256,FREE,TIDE_ARABIAN_SEA,NO
2070947801,270774.0,2094885.0,72.823358,18.933521,23.23,-4.202,35.171,7.739,FREE,TIDE_ARABIAN_SEA,NO
2070947901,270780.5,2094916.8,72.823416,18.933809,24.8,-2.632,36.883,9.451,FREE,TIDE_ARABIAN_SEA,NO
2070948901,270815.3,2094992.3,72.823737,18.934495,25.4,-2.032,30.807,3.375,FREE,TIDE_ARABIAN_SEA,NO
2070957901,270766.0,2095931.5,72.823159,18.942971,25.0,-2.432,31.013,3.581,FREE,TIDE_ARABIAN_SEA,NO
2070958401,270831.0,2095433.0,72.823835,18.938477,24.2,-3.232,27.932,0.5,FREE,TIDE_ARABIAN_SEA,NO
2070957701,270799.0,2095759.0,72.823493,18.941417,24.65,-2.782,27.932,0.5,FREE,TIDE_ARABIAN_SEA,NO
2070960901,270088.1,2096952.2,72.816605,18.952114,24.8,-2.632,30.866,3.434,FREE,TIDE_ARABIAN_SEA,NO
2070961903,270129.8,2096982.2,72.816998,18.952389,17.0,-10.432,33.274,5.842,FREE,TIDE_ARABIAN_SEA,NO
2071920101,271028.0,2092199.0,72.826082,18.909292,23.058,-4.374,28.967,1.535,FREE,TIDE_ARABIAN_SEA,NO
2071923502,271311.0,2092505.0,72.828732,18.912087,26.318,-1.114,27.932,0.5,FREE,TIDE_ARABIAN_SEA,NO
2071924603,271492.9,2092685.4,72.830437,18.913736,25.85,-1.582,29.432,2.0,FREE,TIDE_ARABIAN_SEA,NO
2071924602,271449.0,2092626.0,72.830027,18.913195,24.95,-2.482,27.932,0.5,FREE,TIDE_ARABIAN_SEA,NO
2071924905,271429.4,2092926.5,72.829806,18.915906,25.43,-2.002,34.121,6.689,FREE,TIDE_ARABIAN_SEA,NO
2071924906,271434.2,2092935.9,72.829851,18.915992,25.7,-1.732,34.121,6.689,FREE,TIDE_ARABIAN_SEA,NO
2071925802,271506.0,2092867.4,72.83054,18.915381,24.0,-3.432,27.432,0.0,FREE,TIDE_ARABIAN_SEA,NO
2070939501,270921.1,2093518.0,72.824914,18.921192,23.5,-3.932,27.432,0.0,FREE,TIDE_ARABIAN_SEA,NO
2071936202,271688.0,2093200.0,72.832229,18.918405,24.95,-2.482,27.932,0.5,FREE,TIDE_ARABIAN_SEA,NO
2071938402,271823.0,2093485.0,72.833477,18.920994,24.95,-2.482,27.932,0.5,FREE,TIDE_ARABIAN_SEA,NO
2071939605,271960.2,2093625.8,72.834762,18.922281,26.0,-1.432,27.932,0.5,FREE,TIDE_ARABIAN_SEA,NO
2072945702,272514.9,2094740.9,72.839897,18.932413,24.275,-3.157,27.932,0.5,FREE,TIDE_ARABIAN_SEA,NO
2072945701,272514.9,2094733.2,72.839898,18.932343,25.0,-2.432,27.932,0.5,FREE,TIDE_ARABIAN_SEA,NO
2072945703,272536.5,2094782.0,72.840097,18.932786,24.0,-3.432,29.374,1.942,FREE,TIDE_ARABIAN_SEA,NO
2072947801,272740.8,2094809.8,72.842033,18.93306,24.8,-2.632,28.1,0.668,FREE,TIDE_ARABIAN_SEA,NO
2073962503,273262.1,2096578.1,72.846775,18.949088,25.0,-2.432,28.629,1.197,FREE,TIDE_ARABIAN_SEA,NO
2073962501,273238.21,2096545.44,72.846552,18.94879,22.9,-4.532,29.432,2.0,FREE,TIDE_ARABIAN_SEA,NO
2073962502,273239.97,2096543.91,72.846569,18.948777,22.9,-4.532,29.432,2.0,FREE,TIDE_ARABIAN_SEA,NO
2073974601,273440.3,2097671.6,72.84834,18.958983,24.7,-2.732,27.932,0.5,FREE,TIDE_ARABIAN_SEA,NO
2073974901,273494.0,2097931.0,72.84882,18.961332,26.25,-1.182,27.932,0.5,FREE,TIDE_ARABIAN_SEA,NO
2073974902,273494.0,2097934.0,72.848819,18.961359,26.25,-1.182,27.932,0.5,FREE,TIDE_ARABIAN_SEA,NO
2073985401,273585.0,2098479.0,72.84962,18.966291,26.4,-1.032,29.678,2.246,FREE,TIDE_ARABIAN_SEA,NO
2073984701,273407.1,2098758.5,72.847899,18.968796,25.18,-2.252,34.282,6.85,FREE,TIDE_ARABIAN_SEA,NO
2073986502,273652.0,2098569.5,72.850246,18.967116,25.1,-2.332,44.616,17.184,FREE,TIDE_ARABIAN_SEA,NO
2073987701,273718.1,2098795.6,72.850847,18.969165,25.0,-2.432,27.932,0.5,FREE,TIDE_ARABIAN_SEA,NO
2073995201,273524.0,2099255.0,72.848951,18.973293,25.4,-2.032,33.234,5.802,FREE,TIDE_ARABIAN_SEA,NO
2073995002,273542.0,2099066.0,72.849144,18.971588,25.38,-2.052,30.561,3.129,FREE,TIDE_ARABIAN_SEA,NO
2073996402,273645.4,2099448.8,72.850081,18.975056,22.8,-4.632,30.0,2.568,FREE,TIDE_ARABIAN_SEA,NO
2073997301,273724.6,2099383.32,72.850841,18.974474,24.0,-3.432,29.45,2.018,FREE,TIDE_ARABIAN_SEA,NO
2166197702,266745.4,2119731.8,72.782145,19.157456,23.0,-4.432,27.932,0.5,FREE,TIDE_ARABIAN_SEA,NO
2166198701,266872.4,2119758.3,72.783348,19.15771,24.5,-2.932,29.248,1.816,FREE,TIDE_ARABIAN_SEA,NO
2166208001,266841.1,2120005.7,72.783021,19.159941,23.0,-4.432,27.932,0.5,FREE,TIDE_ARABIAN_SEA,NO
2166207201,266758.0,2120266.3,72.7822,19.162284,23.0,-4.432,27.932,0.5,FREE,TIDE_ARABIAN_SEA,NO
2166207801,266792.11,2120851.72,72.782453,19.167575,25.5,-1.932,27.432,0.0,FREE,TIDE_ARABIAN_SEA,NO
2166208101,266854.9,2120115.2,72.783139,19.160931,23.0,-4.432,27.932,0.5,FREE,TIDE_ARABIAN_SEA,NO
2166247101,266758.0,2124119.5,72.781734,19.197082,23.0,-4.432,27.932,0.5,FREE,TIDE_ARABIAN_SEA,NO
2166247301,266756.4,2124304.8,72.781696,19.198755,23.0,-4.432,27.932,0.5,FREE,TIDE_ARABIAN_SEA,NO
2166257001,266733.8,2125058.7,72.78139,19.20556,25.0,-2.432,27.932,0.5,FREE,TIDE_ARABIAN_SEA,NO
2166256601,266618.2,2125626.5,72.780223,19.210675,23.0,-4.432,27.932,0.5,FREE,TIDE_ARABIAN_SEA,NO
2166257801,266745.7,2125875.1,72.781404,19.212934,25.0,-2.432,27.932,0.5,FREE,TIDE_ARABIAN_SEA,NO
2166263801,266320.6,2126840.6,72.777246,19.221605,25.0,-2.432,30.408,2.976,FREE,TIDE_ARABIAN_SEA,NO
2166264601,266496.6,2126657.3,72.778941,19.219969,25.0,-2.432,29.114,1.682,FREE,TIDE_ARABIAN_SEA,NO
2166265401,266536.8,2126499.0,72.779343,19.218545,26.0,-1.432,28.842,1.41,FREE,TIDE_ARABIAN_SEA,NO
2166266201,266681.2,2126252.8,72.780745,19.216338,26.0,-1.432,27.932,0.5,FREE,TIDE_ARABIAN_SEA,NO
2166267101,266768.6,2126120.8,72.781592,19.215156,26.0,-1.432,27.9,0.468,FREE,TIDE_ARABIAN_SEA,NO
2166272101,266216.2,2127106.4,72.776221,19.223993,27.6,0.168,33.154,5.722,FREE,TIDE_ARABIAN_SEA,NO
2166272301,266287.1,2127369.9,72.776863,19.226381,25.2,-2.232,27.932,0.5,FREE,TIDE_ARABIAN_SEA,NO
2166274601,266462.3,2127638.9,72.778496,19.22883,23.0,-4.432,27.932,0.5,FREE,TIDE_ARABIAN_SEA,NO
2166275701,266502.3,2127716.9,72.778867,19.229539,23.0,-4.432,27.932,0.5,FREE,TIDE_ARABIAN_SEA,NO
2166275801,266529.0,2127831.0,72.779107,19.230572,23.0,-4.432,27.932,0.5,FREE,TIDE_ARABIAN_SEA,NO
2166283001,266359.4,2128037.4,72.77747,19.232417,23.0,-4.432,27.932,0.5,FREE,TIDE_ARABIAN_SEA,NO
2166285401,266510.6,2128413.3,72.778861,19.235829,25.0,-2.432,27.932,0.5,FREE,TIDE_ARABIAN_SEA,NO
2166295001,266592.6,2129009.3,72.779569,19.241221,23.96,-3.472,27.932,0.5,FREE,TIDE_ARABIAN_SEA,NO
2166296401,266682.5,2129497.8,72.780364,19.245642,25.0,-2.432,27.932,0.5,FREE,TIDE_ARABIAN_SEA,NO
2166297701,266769.6,2129737.1,72.781163,19.247814,25.0,-2.432,27.932,0.5,FREE,TIDE_ARABIAN_SEA,NO
2166308001,266819.3,2130013.2,72.781602,19.250313,25.0,-2.432,27.932,0.5,FREE,TIDE_ARABIAN_SEA,NO
2166307701,266740.0,2130735.5,72.78076,19.256826,25.0,-2.432,27.932,0.5,FREE,TIDE_ARABIAN_SEA,NO
2166308501,266823.9,2130555.1,72.78158,19.255207,25.0,-2.432,27.932,0.5,FREE,TIDE_ARABIAN_SEA,NO
2167161601,267193.3,2116683.3,72.786768,19.129977,23.5,-3.932,27.432,0.0,FREE,TIDE_ARABIAN_SEA,NO
2167163601,267341.9,2116630.2,72.788187,19.129515,23.5,-3.932,27.432,0.0,FREE,TIDE_ARABIAN_SEA,NO
2167162801,267260.0,2116861.4,72.787381,19.131593,23.5,-3.932,27.432,0.0,FREE,TIDE_ARABIAN_SEA,NO
2167165701,267564.6,2116779.3,72.790285,19.130887,24.0,-3.432,28.17,0.738,FREE,TIDE_ARABIAN_SEA,NO
2167166701,267690.7,2116722.2,72.79149,19.130385,23.5,-3.932,27.661,0.229,FREE,TIDE_ARABIAN_SEA,NO
2167167601,267794.6,2116690.2,72.792481,19.130108,23.5,-3.932,27.559,0.127,FREE,TIDE_ARABIAN_SEA,NO
2167168601,267853.2,2116696.9,72.793037,19.130175,23.5,-3.932,27.758,0.326,FREE,TIDE_ARABIAN_SEA,NO
2167172001,267261.0,2117098.8,72.787362,19.133737,23.5,-3.932,27.432,0.0,FREE,TIDE_ARABIAN_SEA,NO
2167173301,267355.6,2117328.4,72.788233,19.135821,23.5,-3.932,27.432,0.0,FREE,TIDE_ARABIAN_SEA,NO
2167182001,267265.4,2118026.6,72.787292,19.142116,23.0,-4.432,27.932,0.5,FREE,TIDE_ARABIAN_SEA,NO
2167173501,267369.5,2117502.8,72.788344,19.137398,23.5,-3.932,29.437,2.005,FREE,TIDE_ARABIAN_SEA,NO
2167173601,267344.8,2117638.8,72.788093,19.138623,24.0,-3.432,27.932,0.5,FREE,TIDE_ARABIAN_SEA,NO
2167183301,267378.0,2118344.1,72.788324,19.144997,23.0,-4.432,27.932,0.5,FREE,TIDE_ARABIAN_SEA,NO
2167184401,267415.7,2118472.0,72.788666,19.146156,23.0,-4.432,27.932,0.5,FREE,TIDE_ARABIAN_SEA,NO
2167184701,267430.6,2118786.7,72.78877,19.149,24.0,-3.432,27.932,0.5,FREE,TIDE_ARABIAN_SEA,NO
2166199401,266982.9,2119410.9,72.78444,19.154585,25.0,-2.432,28.432,1.0,FREE,TIDE_ARABIAN_SEA,NO
2166199402,266985.5,2119497.1,72.784455,19.155364,25.0,-2.432,28.129,0.697,FREE,TIDE_ARABIAN_SEA,NO
2167190301,267056.8,2119358.2,72.785149,19.154118,26.0,-1.432,29.561,2.129,FREE,TIDE_ARABIAN_SEA,NO
2166199601,266966.9,2119671.0,72.784257,19.156932,25.0,-2.432,27.932,0.5,FREE,TIDE_ARABIAN_SEA,NO
2167191301,267138.8,2119312.3,72.785934,19.153713,26.0,-1.432,31.33,3.898,FREE,TIDE_ARABIAN_SEA,NO
2167191201,267166.3,2119287.7,72.786198,19.153494,25.5,-1.932,27.932,0.5,FREE,TIDE_ARABIAN_SEA,NO
2167192201,267207.0,2119254.5,72.786589,19.153199,25.5,-1.932,27.932,0.5,FREE,TIDE_ARABIAN_SEA,NO
2167192202,267221.4,2119208.6,72.786731,19.152786,24.0,-3.432,29.257,1.825,FREE,TIDE_ARABIAN_SEA,NO
2167193001,267360.1,2119021.1,72.788072,19.151108,24.0,-3.432,27.932,0.5,FREE,TIDE_ARABIAN_SEA,NO
2167200701,267031.2,2120795.0,72.784732,19.16709,23.0,-4.432,27.932,0.5,FREE,TIDE_ARABIAN_SEA,NO
2167202801,267221.4,2120853.4,72.786533,19.16764,25.0,-2.432,27.932,0.5,FREE,TIDE_ARABIAN_SEA,NO
2167216101,267611.3,2121137.3,72.790204,19.170248,25.5,-1.932,27.932,0.5,FREE,TIDE_ARABIAN_SEA,NO
2167231701,267145.3,2123703.1,72.785466,19.193366,23.0,-4.432,30.987,3.555,FREE,TIDE_ARABIAN_SEA,NO
2167234701,267454.4,2123728.8,72.788401,19.193633,25.0,-2.432,27.432,0.0,FREE,TIDE_ARABIAN_SEA,NO
2167240501,267074.2,2124571.0,72.784685,19.201195,24.0,-3.432,27.932,0.5,FREE,TIDE_ARABIAN_SEA,NO
2167241801,267175.0,2124829.6,72.785612,19.203542,27.0,-0.432,28.9,1.468,FREE,TIDE_ARABIAN_SEA,NO
2167239901,267923.8,2123937.3,72.792837,19.19557,25.5,-1.932,27.432,0.0,FREE,TIDE_ARABIAN_SEA,NO
2167249601,267926.2,2124698.9,72.792768,19.202448,25.0,-2.432,27.432,0.0,FREE,TIDE_ARABIAN_SEA,NO
2167249301,267915.6,2124328.6,72.792712,19.199103,23.0,-4.432,28.432,1.0,FREE,TIDE_ARABIAN_SEA,NO
2167250002,267031.6,2125003.7,72.784228,19.205098,25.0,-2.432,27.932,0.5,FREE,TIDE_ARABIAN_SEA,NO
2168251001,268102.3,2125044.1,72.794401,19.205586,25.0,-2.432,28.432,1.0,FREE,TIDE_ARABIAN_SEA,NO
2166308301,266845.6,2130306.5,72.781817,19.252964,25.0,-2.432,27.932,0.5,FREE,TIDE_ARABIAN_SEA,NO
2167311201,267142.2,2131297.2,72.784517,19.261945,25.0,-2.432,39.432,12.0,FREE,TIDE_ARABIAN_SEA,NO
2167319401,267912.6,2131446.4,72.791824,19.263381,25.0,-2.432,27.932,0.5,FREE,TIDE_ARABIAN_SEA,NO
2168171701,268159.2,2117732.3,72.79582,19.139561,23.5,-3.932,27.432,0.0,FREE,TIDE_ARABIAN_SEA,NO
2168171702,268183.0,2117769.0,72.796042,19.139895,23.5,-3.932,27.432,0.0,FREE,TIDE_ARABIAN_SEA,NO
2168189701,268978.2,2118755.5,72.80348,19.148894,23.5,-3.932,27.432,0.0,FREE,TIDE_ARABIAN_SEA,NO
2167217401,267792.0,2121404.7,72.791889,19.172684,25.0,-2.432,28.048,0.616,FREE,TIDE_ARABIAN_SEA,NO
2168210601,268021.7,2121680.8,72.794039,19.175203,24.8,-2.632,28.014,0.582,FREE,TIDE_ARABIAN_SEA,NO
2168221101,268103.6,2122137.3,72.794763,19.179335,25.8,-1.632,29.1,1.668,FREE,TIDE_ARABIAN_SEA,NO
2168222801,268252.0,2122806.6,72.796093,19.185396,26.0,-1.432,28.3,0.868,FREE,TIDE_ARABIAN_SEA,NO
2168232501,268253.1,2123589.4,72.796009,19.192466,23.5,-3.932,27.932,0.5,FREE,TIDE_ARABIAN_SEA,NO
2168246301,268654.1,2124372.9,72.799727,19.199587,23.8,-3.632,27.432,0.0,FREE,TIDE_ARABIAN_SEA,NO
2168252201,268261.8,2125250.3,72.795892,19.207466,25.0,-2.432,32.987,5.555,FREE,TIDE_ARABIAN_SEA,NO
2168256701,268670.2,2125732.7,72.799716,19.211869,23.0,-4.432,27.432,0.0,FREE,TIDE_ARABIAN_SEA,NO
2168257801,268740.3,2125822.1,72.800372,19.212684,23.0,-4.432,27.432,0.0,FREE,TIDE_ARABIAN_SEA,NO
2168269001,268962.0,2126051.6,72.802452,19.214782,24.0,-3.432,27.432,0.0,FREE,TIDE_ARABIAN_SEA,NO
2169261201,269113.7,2126277.3,72.803867,19.216838,25.0,-2.432,27.432,0.0,FREE,TIDE_ARABIAN_SEA,NO
2169008701,269838.9,2100775.1,72.81379,18.986611,26.25,-1.182,30.014,2.582,FREE,TIDE_ARABIAN_SEA,NO
2169008801,269813.2,2100847.6,72.813537,18.987263,24.48,-2.952,27.528,0.096,FREE,TIDE_ARABIAN_SEA,NO
2169008802,269818.3,2100842.0,72.813586,18.987213,24.5,-2.932,27.528,0.096,FREE,TIDE_ARABIAN_SEA,NO
2169017801,269729.7,2101838.9,72.812628,18.996206,27.0,-0.432,35.014,7.582,FREE,TIDE_ARABIAN_SEA,NO
2169019418,269996.7,2101318.9,72.815224,18.99154,21.66,-5.772,36.219,8.787,FREE,TIDE_ARABIAN_SEA,NO
2169019404,269982.57,2101316.77,72.81509,18.991519,22.0,-5.432,38.647,11.215,FREE,TIDE_ARABIAN_SEA,NO
2169019401,269901.0,2101492.1,72.814295,18.993093,26.38,-1.052,31.91,4.478,FREE,TIDE_ARABIAN_SEA,NO
2169019402,269928.3,2101480.9,72.814555,18.992995,24.66,-2.772,32.995,5.563,FREE,TIDE_ARABIAN_SEA,NO
2169026101,269600.0,2102160.0,72.811358,18.999091,28.2,0.768,29.4,1.968,FREE,TIDE_ARABIAN_SEA,NO
2169025101,269598.0,2102187.0,72.811336,18.999335,28.4,0.968,29.6,2.168,FREE,TIDE_ARABIAN_SEA,NO
2169026203,269600.0,2102291.0,72.811343,19.000274,28.5,1.068,29.7,2.268,FREE,TIDE_ARABIAN_SEA,NO
2169025201,269598.0,2102241.0,72.81133,18.999823,28.0,0.568,29.2,1.768,FREE,TIDE_ARABIAN_SEA,NO
2169026201,269600.0,2102211.0,72.811352,18.999552,28.3,0.868,29.5,2.068,FREE,TIDE_ARABIAN_SEA,NO
2169026202,269600.0,2102267.0,72.811346,19.000058,28.5,1.068,29.7,2.268,FREE,TIDE_ARABIAN_SEA,NO
2169026302,269602.0,2102342.0,72.811356,19.000735,28.0,0.568,29.2,1.768,FREE,TIDE_ARABIAN_SEA,NO
2169026301,269600.0,2102315.0,72.81134,19.000491,28.1,0.668,29.3,1.868,FREE,TIDE_ARABIAN_SEA,NO
2169026303,269604.0,2102371.0,72.811371,19.000997,28.6,1.168,29.8,2.368,FREE,TIDE_ARABIAN_SEA,NO
2169026401,269603.0,2102403.0,72.811358,19.001286,27.9,0.468,29.1,1.668,FREE,TIDE_ARABIAN_SEA,NO
2169026402,269613.88,2102432.86,72.811458,19.001557,28.0,0.568,29.2,1.768,FREE,TIDE_ARABIAN_SEA,NO
2169026403,269620.0,2102463.0,72.811512,19.00183,28.5,1.068,36.461,9.029,FREE,TIDE_ARABIAN_SEA,NO
2169026405,269632.0,2102485.0,72.811624,19.00203,28.5,1.068,33.432,6.0,FREE,TIDE_ARABIAN_SEA,NO
2169026406,269634.7,2102466.0,72.811652,19.001859,28.0,0.568,36.461,9.029,FREE,TIDE_ARABIAN_SEA,NO
2169026501,269642.0,2102508.0,72.811716,19.002239,28.5,1.068,30.0,2.568,FREE,TIDE_ARABIAN_SEA,NO
2169026502,269653.04,2102530.54,72.811818,19.002444,28.5,1.068,29.7,2.268,FREE,TIDE_ARABIAN_SEA,NO
2169026503,269668.0,2102554.0,72.811957,19.002657,28.2,0.768,29.4,1.968,FREE,TIDE_ARABIAN_SEA,NO
2169026505,269682.0,2102573.0,72.812088,19.00283,28.4,0.968,34.765,7.333,FREE,TIDE_ARABIAN_SEA,NO
2169026508,269694.0,2102593.0,72.8122,19.003012,28.6,1.168,32.432,5.0,FREE,TIDE_ARABIAN_SEA,NO
2169027601,269704.0,2102619.0,72.812292,19.003248,28.59,1.158,32.432,5.0,FREE,TIDE_ARABIAN_SEA,NO
2169027602,269714.0,2102645.0,72.812383,19.003484,28.5,1.068,29.7,2.268,FREE,TIDE_ARABIAN_SEA,NO
2169027603,269722.0,2102665.0,72.812457,19.003666,28.7,1.268,30.2,2.768,FREE,TIDE_ARABIAN_SEA,NO
2169027606,269736.0,2102689.0,72.812587,19.003884,28.5,1.068,30.0,2.568,FREE,TIDE_ARABIAN_SEA,NO
2169027701,269748.0,2102711.0,72.812698,19.004084,28.0,0.568,30.432,3.0,FREE,TIDE_ARABIAN_SEA,NO
2169027702,269754.27,2102722.48,72.812757,19.004188,28.26,0.828,29.76,2.328,FREE,TIDE_ARABIAN_SEA,NO
2169027706,269787.84,2102773.66,72.813069,19.004654,29.3,1.868,30.8,3.368,FREE,TIDE_ARABIAN_SEA,NO
2169027704,269769.9,2102743.7,72.812903,19.004382,26.3,-1.132,28.2,0.768,FREE,TIDE_ARABIAN_SEA,NO
2169028801,269801.34,2102805.06,72.813194,19.004939,28.0,0.568,32.432,5.0,FREE,TIDE_ARABIAN_SEA,NO
2169028802,269823.99,2102860.59,72.813402,19.005443,27.5,0.068,29.0,1.568,FREE,TIDE_ARABIAN_SEA,NO
2169028804,269833.41,2102889.77,72.813488,19.005708,27.8,0.368,29.0,1.568,FREE,TIDE_ARABIAN_SEA,NO
2169028803,269831.5,2102823.0,72.813478,19.005105,28.5,1.068,32.656,5.224,FREE,TIDE_ARABIAN_SEA,NO
2169028901,269842.84,2102917.97,72.813575,19.005964,28.0,0.568,29.2,1.768,FREE,TIDE_ARABIAN_SEA,NO
2169028902,269850.32,2102947.15,72.813642,19.006228,28.0,0.568,29.5,2.068,FREE,TIDE_ARABIAN_SEA,NO
2169028903,269857.9,2102977.31,72.813711,19.006501,28.1,0.668,29.6,2.168,FREE,TIDE_ARABIAN_SEA,NO
2169038001,269866.3,2103007.41,72.813787,19.006774,27.5,0.068,31.432,4.0,FREE,TIDE_ARABIAN_SEA,NO
2169038002,269876.65,2103040.34,72.813881,19.007073,28.1,0.668,29.6,2.168,FREE,TIDE_ARABIAN_SEA,NO
2169038003,269886.08,2103065.71,72.813968,19.007303,28.2,0.768,29.7,2.268,FREE,TIDE_ARABIAN_SEA,NO
2169038005,269895.5,2103095.87,72.814054,19.007576,28.3,0.868,29.5,2.068,FREE,TIDE_ARABIAN_SEA,NO
2169039101,269904.93,2103122.22,72.81414,19.007815,27.8,0.368,29.3,1.868,FREE,TIDE_ARABIAN_SEA,NO
2169039102,269912.51,2103154.17,72.814208,19.008105,27.8,0.368,29.3,1.868,FREE,TIDE_ARABIAN_SEA,NO
2169181501,269106.7,2118503.6,72.804731,19.146634,23.5,-3.932,28.432,1.0,FREE,TIDE_ARABIAN_SEA,NO
2168249801,268994.0,2124848.3,72.802901,19.203919,26.0,-1.432,31.432,4.0,FREE,TIDE_ARABIAN_SEA,NO
2169254601,269475.2,2125692.6,72.807374,19.211599,24.8,-2.632,28.677,1.245,FREE,TIDE_ARABIAN_SEA,NO
2169256801,269698.53,2125867.98,72.809476,19.213208,24.5,-2.932,28.738,1.306,FREE,TIDE_ARABIAN_SEA,NO
2169262501,269228.5,2126559.3,72.804925,19.219398,21.0,-6.432,27.432,0.0,FREE,TIDE_ARABIAN_SEA,NO
2169276101,269616.2,2127192.9,72.808534,19.225164,24.0,-3.432,27.432,0.0,FREE,TIDE_ARABIAN_SEA,NO
2169279301,269911.6,2127374.4,72.811321,19.226836,23.5,-3.932,27.664,0.232,FREE,TIDE_ARABIAN_SEA,NO
2170290801,270098.2,2129846.8,72.812799,19.249185,25.0,-2.432,27.932,0.5,FREE,TIDE_ARABIAN_SEA,NO
2169305501,269549.2,2130591.0,72.80749,19.255844,25.0,-2.432,27.932,0.5,FREE,TIDE_ARABIAN_SEA,NO
2169307101,269762.0,2130198.7,72.80956,19.252325,25.0,-2.432,27.932,0.5,FREE,TIDE_ARABIAN_SEA,NO
2170031501,270142.0,2103574.0,72.816338,19.011922,28.7,1.268,30.2,2.768,FREE,TIDE_ARABIAN_SEA,NO
2170031801,270188.0,2103896.0,72.816736,19.014835,28.2,0.768,29.7,2.268,FREE,TIDE_ARABIAN_SEA,NO
2170041001,270150.1,2104051.3,72.816358,19.016233,24.0,-3.432,29.75,2.318,FREE,TIDE_ARABIAN_SEA,NO
2170043006,270346.1,2104079.8,72.818216,19.016513,21.0,-6.432,41.288,13.856,FREE,TIDE_ARABIAN_SEA,NO
2170045302,270519.0,2104362.0,72.819824,19.019081,25.64,-1.792,27.932,0.5,FREE,TIDE_ARABIAN_SEA,NO
2170074301,270487.8,2107380.7,72.819172,19.046339,25.9,-1.532,27.932,0.5,FREE,TIDE_ARABIAN_SEA,NO
2170066901,270625.3,2106969.4,72.820526,19.04264,27.5,0.068,29.8,2.368,FREE,TIDE_ARABIAN_SEA,NO
2170076701,270648.6,2107748.6,72.820656,19.04968,25.5,-1.932,27.932,0.5,FREE,TIDE_ARABIAN_SEA,NO
2170087001,270735.6,2108074.6,72.821444,19.052634,25.5,-1.932,27.932,0.5,FREE,TIDE_ARABIAN_SEA,NO
2170087601,270799.82,2108639.69,72.821987,19.057744,24.0,-3.432,27.932,0.5,FREE,TIDE_ARABIAN_SEA,NO
2170088501,270872.3,2108588.5,72.822681,19.05729,25.0,-2.432,32.249,4.817,FREE,TIDE_ARABIAN_SEA,NO
2170098501,270893.7,2109576.1,72.822768,19.066212,25.0,-2.432,27.932,0.5,FREE,TIDE_ARABIAN_SEA,NO
2170099401,270910.6,2109464.2,72.822942,19.065203,25.0,-2.432,28.245,0.813,FREE,TIDE_ARABIAN_SEA,NO
2170108001,270824.8,2110048.2,72.822058,19.070468,24.5,-2.932,27.932,0.5,FREE,TIDE_ARABIAN_SEA,NO
2170107201,270767.6,2110256.3,72.82149,19.072341,23.0,-4.432,27.932,0.5,FREE,TIDE_ARABIAN_SEA,NO
2170107701,270755.9,2110776.5,72.821318,19.077037,26.0,-1.432,27.932,0.5,FREE,TIDE_ARABIAN_SEA,NO
2170184601,270401.2,2118690.1,72.81701,19.148465,24.0,-3.432,35.629,8.197,FREE,TIDE_ARABIAN_SEA,NO
2170183601,270399.72,2118691.95,72.816996,19.148481,24.0,-3.432,35.629,8.197,FREE,TIDE_ARABIAN_SEA,NO
2170201201,270198.4,2120203.1,72.814903,19.162106,23.5,-3.932,27.432,0.0,FREE,TIDE_ARABIAN_SEA,NO
2170204501,270413.1,2120554.1,72.816902,19.1653,23.5,-3.932,27.432,0.0,FREE,TIDE_ARABIAN_SEA,NO
2170205701,270563.2,2120729.6,72.818307,19.166902,24.5,-2.932,27.793,0.361,FREE,TIDE_ARABIAN_SEA,NO
2170206801,270690.2,2120875.1,72.819497,19.16823,24.5,-2.932,27.432,0.0,FREE,TIDE_ARABIAN_SEA,NO
2170284901,270427.8,2128994.1,72.816035,19.241522,23.0,-4.432,34.923,7.491,FREE,TIDE_ARABIAN_SEA,NO
2170275901,270515.8,2127963.4,72.816995,19.232224,23.0,-4.432,28.432,1.0,FREE,TIDE_ARABIAN_SEA,NO
2170288501,270831.8,2128597.9,72.819924,19.23799,25.0,-2.432,33.456,6.024,FREE,TIDE_ARABIAN_SEA,NO
2170289801,270909.3,2128832.1,72.820633,19.240114,24.0,-3.432,33.336,5.904,FREE,TIDE_ARABIAN_SEA,NO
2171040301,271028.0,2104386.6,72.824655,19.01936,23.879,-3.553,27.932,0.5,FREE,TIDE_ARABIAN_SEA,NO
2171046601,271621.2,2104622.6,72.83026,19.021558,26.3,-1.132,28.6,1.168,FREE,TIDE_ARABIAN_SEA,NO
2171047601,271715.0,2104670.6,72.831145,19.022001,26.3,-1.132,32.751,5.319,FREE,TIDE_ARABIAN_SEA,NO
2171076202,271616.8,2107247.9,72.82991,19.045266,25.6,-1.832,27.7,0.268,FREE,TIDE_ARABIAN_SEA,NO
2171076402,271687.1,2107410.1,72.830558,19.046739,24.85,-2.582,28.45,1.018,FREE,TIDE_ARABIAN_SEA,NO
2171079601,271919.4,2107651.1,72.832736,19.048942,23.9,-3.532,27.932,0.5,FREE,TIDE_ARABIAN_SEA,NO
2170089301,270980.9,2108313.1,72.823745,19.054815,24.5,-2.932,27.932,0.5,FREE,TIDE_ARABIAN_SEA,NO
2171080301,271011.6,2108369.5,72.82403,19.055328,25.5,-1.932,27.932,0.5,FREE,TIDE_ARABIAN_SEA,NO
2170089401,270997.6,2108437.2,72.823889,19.055938,25.0,-2.432,30.354,2.922,FREE,TIDE_ARABIAN_SEA,NO
2171110001,271053.9,2111022.8,72.824119,19.079295,22.5,-4.932,28.25,0.818,FREE,TIDE_ARABIAN_SEA,NO
2171101802,271161.4,2110872.0,72.825158,19.077945,22.7,-4.732,29.672,2.24,FREE,TIDE_ARABIAN_SEA,NO
2171102801!,271210.0,2110866.0,72.82562,19.077896,24.309,-3.123,29.648,2.216,FREE,TIDE_ARABIAN_SEA,NO
2171150405,271038.58,2115491.78,72.823446,19.119653,23.0,-4.432,31.449,4.017,FREE,TIDE_ARABIAN_SEA,NO
2171150414,271082.3,2115439.0,72.823867,19.119181,21.3,-6.132,30.406,2.974,FREE,TIDE_ARABIAN_SEA,NO
2171151402,271128.4,2115428.7,72.824307,19.119093,22.8,-4.632,30.511,3.079,FREE,TIDE_ARABIAN_SEA,NO
2171183601,271320.7,2118608.1,72.825758,19.147828,22.8,-4.632,30.209,2.777,FREE,TIDE_ARABIAN_SEA,NO
2171183501,271388.3,2118596.4,72.826401,19.14773,23.0,-4.432,31.462,4.03,FREE,TIDE_ARABIAN_SEA,NO
2171197401,271764.47,2119454.88,72.829875,19.155525,23.38,-4.052,30.362,2.93,FREE,TIDE_ARABIAN_SEA,NO
2171198801,271881.0,2119803.0,72.830941,19.158682,25.35,-2.082,30.936,3.504,FREE,TIDE_ARABIAN_SEA,NO
2171198901,271892.42,2119914.85,72.831036,19.159693,25.351,-2.081,31.418,3.986,FREE,TIDE_ARABIAN_SEA,NO
2171218301,271875.58,2121350.49,72.830707,19.172657,24.3,-3.132,30.653,3.221,FREE,TIDE_ARABIAN_SEA,NO
2171227001,271728.7,2122022.3,72.829231,19.178707,24.0,-3.432,40.768,13.336,FREE,TIDE_ARABIAN_SEA,NO
2171228101,271852.6,2122149.0,72.830394,19.179866,25.6,-1.832,43.942,16.51,FREE,TIDE_ARABIAN_SEA,NO
2171232002,271287.3,2123037.4,72.824915,19.187825,23.3,-4.132,30.789,3.357,FREE,TIDE_ARABIAN_SEA,NO
2171236401,271673.8,2123457.5,72.828539,19.191663,27.8,0.368,29.274,1.842,FREE,TIDE_ARABIAN_SEA,NO
2171238301,271832.5,2123373.5,72.830058,19.190922,25.88,-1.552,42.058,14.626,FREE,TIDE_ARABIAN_SEA,NO
2171239901!,271906.0,2123935.1,72.83069,19.196002,25.0,-2.432,30.857,3.425,FREE,TIDE_ARABIAN_SEA,NO
2171238801,271886.31,2123891.25,72.830508,19.195604,24.15,-3.282,31.302,3.87,FREE,TIDE_ARABIAN_SEA,NO
2172240201!,272004.2,2124211.3,72.831591,19.198507,25.998,-1.434,29.777,2.345,FREE,TIDE_ARABIAN_SEA,NO
2171281201,271146.4,2128213.8,72.822961,19.234557,24.0,-3.432,29.432,2.0,FREE,TIDE_ARABIAN_SEA,NO
2171284801,271447.7,2128846.5,72.82575,19.240305,25.5,-1.932,30.129,2.697,FREE,TIDE_ARABIAN_SEA,NO
2172040006,272047.9,2104066.1,72.834377,19.016579,19.0,-8.432,37.26,9.828,FREE,TIDE_ARABIAN_SEA,NO
2172035801,272502.5,2103864.2,72.838717,19.014806,24.452,-2.98,38.077,10.645,FREE,TIDE_ARABIAN_SEA,NO
2172035803,272543.7,2103802.0,72.839115,19.014249,19.5,-7.932,33.192,5.76,FREE,TIDE_ARABIAN_SEA,NO
2172050101,272045.1,2105147.1,72.834223,19.026342,25.52,-1.912,27.932,0.5,FREE,TIDE_ARABIAN_SEA,NO
2172053601,272311.4,2105690.5,72.836689,19.031279,25.5,-1.932,27.932,0.5,FREE,TIDE_ARABIAN_SEA,NO
2172054901,272444.0,2105965.5,72.837916,19.033777,25.0,-2.432,27.932,0.5,FREE,TIDE_ARABIAN_SEA,NO
2172064801,272443.1,2106814.9,72.837808,19.041448,26.117,-1.315,27.932,0.5,FREE,TIDE_ARABIAN_SEA,NO
2172064401,272497.0,2106408.6,72.838367,19.037785,25.937,-1.495,31.352,3.92,FREE,TIDE_ARABIAN_SEA,NO
2172070601,272063.5,2107691.4,72.8341,19.049322,26.01,-1.422,28.11,0.678,FREE,TIDE_ARABIAN_SEA,NO
2172074501,272455.4,2107548.0,72.837839,19.04807,28.4,0.968,31.119,3.687,FREE,TIDE_ARABIAN_SEA,NO
2172075502,272541.23,2107531.07,72.838656,19.047927,26.5,-0.932,27.7,0.268,FREE,TIDE_ARABIAN_SEA,NO
2172076001!,272600.0,2107055.0,72.83927,19.043634,26.81,-0.622,33.164,5.732,FREE,TIDE_ARABIAN_SEA,NO
2172076202!,272623.72,2107230.35,72.839474,19.04522,26.74,-0.692,33.59,6.158,FREE,TIDE_ARABIAN_SEA,NO
2172077803,272779.1,2107832.0,72.84088,19.050671,24.913,-2.519,32.464,5.032,FREE,TIDE_ARABIAN_SEA,NO
2172078501,272842.1,2107558.5,72.84151,19.048208,25.4,-2.032,26.9,-0.532,FREE,TIDE_ARABIAN_SEA,NO
2172079602,272952.51,2107632.12,72.84255,19.048885,23.5,-3.932,30.432,3.0,FREE,TIDE_ARABIAN_SEA,NO
2172079601,272950.0,2107628.0,72.842527,19.048848,23.5,-3.932,30.432,3.0,FREE,TIDE_ARABIAN_SEA,NO
2172126602,272676.7,2112611.1,72.839348,19.09382,25.477,-1.955,30.577,3.145,FREE,TIDE_ARABIAN_SEA,NO
2171238101,271836.65,2123102.13,72.830129,19.188472,24.5,-2.932,29.148,1.716,FREE,TIDE_ARABIAN_SEA,NO
2171239901,271941.1,2123901.3,72.831028,19.195701,25.5,-1.932,39.009,11.577,FREE,TIDE_ARABIAN_SEA,NO
2172294701,272407.5,2129779.8,72.834765,19.248842,25.0,-2.432,29.432,2.0,FREE,TIDE_ARABIAN_SEA,NO
2172298901,272812.7,2129923.5,72.838601,19.250185,25.5,-1.932,32.274,4.842,FREE,TIDE_ARABIAN_SEA,NO
2172309301,272907.3,2130391.4,72.839445,19.254421,26.2,-1.232,31.432,4.0,FREE,TIDE_ARABIAN_SEA,NO
2073996901,273691.0,2099975.2,72.850453,18.979815,25.4,-2.032,27.932,0.5,FREE,TIDE_ARABIAN_SEA,NO
2173074201,273434.52,2107288.81,72.847168,19.045838,24.21,-3.222,31.406,3.974,FREE,TIDE_ARABIAN_SEA,NO
2173075201,273542.8,2107237.7,72.848202,19.045389,23.372,-4.06,35.432,8.0,FREE,TIDE_ARABIAN_SEA,NO
2173075301,273529.53,2107307.5,72.848068,19.046017,23.35,-4.082,28.453,1.021,FREE,TIDE_ARABIAN_SEA,NO
2173077305,273781.78,2107382.94,72.850455,19.046727,23.226,-4.206,29.382,1.95,FREE,TIDE_ARABIAN_SEA,NO
2173081006,273195.94,2108009.05,72.844818,19.052316,24.556,-2.876,35.462,8.03,FREE,TIDE_ARABIAN_SEA,NO
2173085004,273535.5,2108000.6,72.848044,19.052278,24.1,-3.332,32.186,4.754,FREE,TIDE_ARABIAN_SEA,NO
2173290701,273031.0,2129732.6,72.8407,19.248485,24.8,-2.632,35.04,7.608,FREE,TIDE_ARABIAN_SEA,NO
2173292201!,273233.3,2129284.9,72.842676,19.244465,24.5,-2.932,31.127,3.695,FREE,TIDE_ARABIAN_SEA,NO
2173302201,273217.9,2130239.5,72.842417,19.253084,25.1,-2.332,29.432,2.0,FREE,TIDE_ARABIAN_SEA,NO
2173317601,273719.3,2131645.5,72.847019,19.265838,27.0,-0.432,34.912,7.48,FREE,TIDE_ARABIAN_SEA,NO
2174013302,274370.4,2101390.8,72.856739,18.992675,24.088,-3.344,27.932,0.5,FREE,TIDE_ARABIAN_SEA,NO
2174013301,274363.3,2101387.7,72.856672,18.992646,24.125,-3.307,27.932,0.5,FREE,TIDE_ARABIAN_SEA,NO
2174027002,274752.7,2102021.3,72.860296,18.998411,25.0,-2.432,27.932,0.5,FREE,TIDE_ARABIAN_SEA,NO
2174028701,274851.73,2102790.64,72.861147,19.00537,24.0,-3.432,32.654,5.222,FREE,TIDE_ARABIAN_SEA,NO
2174028302,274886.0,2102346.0,72.861524,19.001358,24.23,-3.202,27.932,0.5,FREE,TIDE_ARABIAN_SEA,NO
2174028701!,274851.73,2102790.64,72.861147,19.00537,25.2,-2.232,32.654,5.222,FREE,TIDE_ARABIAN_SEA,NO
2174071601,274191.4,2107624.7,72.854317,19.048955,24.0,-3.432,29.432,2.0,FREE,TIDE_ARABIAN_SEA,NO
2174073701,274356.37,2107721.33,72.855873,19.049846,25.35,-2.082,31.96,4.528,FREE,TIDE_ARABIAN_SEA,NO
2174085803,274524.33,2108838.19,72.857338,19.059951,23.0,-4.432,32.097,4.665,FREE,TIDE_ARABIAN_SEA,NO
2174087001,274778.5,2108086.6,72.859839,19.053192,28.0,0.568,29.336,1.904,FREE,TIDE_ARABIAN_SEA,NO
2174314501,274443.63,2131539.22,72.853919,19.264959,27.5,0.068,31.924,4.492,FREE,TIDE_ARABIAN_SEA,NO
2174315601,274524.6,2131618.1,72.85468,19.265681,25.25,-2.182,35.432,8.0,FREE,TIDE_ARABIAN_SEA,NO
2175022801,275203.61,2102894.18,72.864477,19.006344,23.2,-4.232,32.432,5.0,FREE,TIDE_ARABIAN_SEA,NO
2175036301,275609.5,2103356.7,72.868277,19.010566,24.2,-3.232,30.367,2.935,FREE,TIDE_ARABIAN_SEA,NO
2175084101,275491.75,2108189.38,72.866602,19.054198,24.067,-3.365,30.432,3.0,FREE,TIDE_ARABIAN_SEA,NO
2175084201,275482.7,2108239.7,72.86651,19.054652,26.0,-1.432,28.058,0.626,FREE,TIDE_ARABIAN_SEA,NO
2175086301,275623.8,2108335.6,72.867839,19.055533,24.5,-2.932,31.529,4.097,FREE,TIDE_ARABIAN_SEA,NO
2175086503,275647.31,2108573.75,72.868035,19.057687,25.9,-1.532,29.755,2.323,FREE,TIDE_ARABIAN_SEA,NO
2175087701,275756.2,2108780.36,72.869045,19.059565,26.34,-1.092,29.432,2.0,FREE,TIDE_ARABIAN_SEA,NO
2175087401,275727.3,2108457.7,72.868808,19.056648,25.0,-2.432,27.413,-0.019,FREE,TIDE_ARABIAN_SEA,NO
2175088601,275824.5,2108614.7,72.869713,19.058076,25.0,-2.432,27.515,0.083,FREE,TIDE_ARABIAN_SEA,NO
2175088701,275896.0,2108793.2,72.870371,19.059696,25.5,-1.932,29.432,2.0,FREE,TIDE_ARABIAN_SEA,NO
2175311501,275121.1,2131524.3,72.860364,19.2649,26.1,-1.332,33.109,5.677,FREE,TIDE_ARABIAN_SEA,NO
2175317404,275766.5,2131490.3,72.866505,19.264665,24.8,-2.632,28.1,0.668,FREE,TIDE_ARABIAN_SEA,NO
2176046201,276672.8,2104298.9,72.878265,19.019191,24.333,-3.099,28.043,0.611,FREE,TIDE_ARABIAN_SEA,NO
2176047401,276750.94,2104459.79,72.878989,19.020653,24.0,-3.432,29.924,2.492,FREE,TIDE_ARABIAN_SEA,NO
2176047406,276778.1,2104444.9,72.879249,19.020521,22.7,-4.732,31.036,3.604,FREE,TIDE_ARABIAN_SEA,NO
2176047503,276722.5,2104521.0,72.878712,19.021202,22.8,-4.632,28.477,1.045,FREE,TIDE_ARABIAN_SEA,NO
2175089901,275955.8,2108940.1,72.870922,19.061029,25.5,-1.932,28.432,1.0,FREE,TIDE_ARABIAN_SEA,NO
2176091201,276125.1,2109276.0,72.872492,19.064081,26.0,-1.432,27.8,0.368,FREE,TIDE_ARABIAN_SEA,NO
2176092501,276239.7,2109544.8,72.873549,19.066522,26.0,-1.432,30.547,3.115,FREE,TIDE_ARABIAN_SEA,NO
2176092901,276267.0,2109950.6,72.873762,19.07019,25.0,-2.432,26.8,-0.632,FREE,TIDE_ARABIAN_SEA,NO
2176100501,276031.6,2110580.0,72.871453,19.075848,25.68,-1.752,30.644,3.212,FREE,TIDE_ARABIAN_SEA,NO
2176101102,276134.02,2110157.32,72.872475,19.072042,25.0,-2.432,28.597,1.165,FREE,TIDE_ARABIAN_SEA,NO
2176100401,276070.9,2110475.4,72.871839,19.074908,26.0,-1.432,35.248,7.816,FREE,TIDE_ARABIAN_SEA,NO
2176102001,276266.8,2110010.6,72.873753,19.070731,24.1,-3.332,32.432,5.0,FREE,TIDE_ARABIAN_SEA,NO
2176101101!,276183.6,2110189.8,72.872942,19.072341,25.0,-2.432,29.562,2.13,FREE,TIDE_ARABIAN_SEA,NO
2176101201,276178.0,2110247.8,72.872882,19.072864,25.0,-2.432,31.627,4.195,FREE,TIDE_ARABIAN_SEA,NO
2176105901,276523.1,2110934.1,72.876081,19.0791,26.108,-1.324,30.432,3.0,FREE,TIDE_ARABIAN_SEA,NO
2176106801,276689.8,2110853.8,72.877674,19.078393,25.0,-2.432,30.468,3.036,FREE,TIDE_ARABIAN_SEA,NO
2176115001,276518.2,2111005.4,72.876026,19.079743,26.0,-1.432,32.65,5.218,FREE,TIDE_ARABIAN_SEA,NO
2176117101,276719.1,2111109.5,72.877923,19.080706,28.0,0.568,32.615,5.183,FREE,TIDE_ARABIAN_SEA,NO
2176116302,276629.2,2111371.6,72.877039,19.083063,27.0,-0.432,29.965,2.533,FREE,TIDE_ARABIAN_SEA,NO
2176117801,276774.6,2111828.0,72.878367,19.087201,27.0,-0.432,30.509,3.077,FREE,TIDE_ARABIAN_SEA,NO
2176117602,276780.9,2111614.2,72.878452,19.08527,25.8,-1.632,29.014,1.582,FREE,TIDE_ARABIAN_SEA,NO
2176118001,276842.2,2111022.1,72.879102,19.07993,24.0,-3.432,31.319,3.887,FREE,TIDE_ARABIAN_SEA,NO
2176118501,276804.87,2111587.56,72.878683,19.085032,26.8,-0.632,32.235,4.803,FREE,TIDE_ARABIAN_SEA,NO
2176118801,276816.8,2111899.1,72.87876,19.087847,26.998,-0.434,31.652,4.22,FREE,TIDE_ARABIAN_SEA,NO
2176127202,276779.6,2112283.9,72.878362,19.091319,30.0,2.568,32.037,4.605,FREE,TIDE_ARABIAN_SEA,NO
2176129601,276926.4,2112635.3,72.879717,19.094508,27.0,-0.432,30.04,2.608,FREE,TIDE_ARABIAN_SEA,NO
2176138203,276864.77,2113213.04,72.879065,19.099719,26.102,-1.33,31.272,3.84,FREE,TIDE_ARABIAN_SEA,NO
2176138302,276892.5,2113336.5,72.879314,19.100837,28.4,0.968,32.653,5.221,FREE,TIDE_ARABIAN_SEA,NO
2177044501,277479.6,2104594.4,72.885893,19.021948,25.8,-1.632,29.703,2.271,FREE,TIDE_ARABIAN_SEA,NO
2177105016!,277564.2,2110047.6,72.886072,19.071207,25.239,-2.193,29.847,2.415,FREE,TIDE_ARABIAN_SEA,NO
2177105016,277564.2,2110047.6,72.886072,19.071207,25.239,-2.193,29.847,2.415,FREE,TIDE_ARABIAN_SEA,NO
2177120801,277076.91,2112815.67,72.881126,19.096154,26.307,-1.125,30.91,3.478,FREE,TIDE_ARABIAN_SEA,NO
2177131501,277132.97,2113577.87,72.881571,19.103044,27.842,0.41,40.258,12.826,FREE,TIDE_ARABIAN_SEA,NO
2177133701,277336.7,2113758.7,72.883485,19.104699,31.081,3.649,38.278,10.846,FREE,TIDE_ARABIAN_SEA,NO
2177134901,277483.3,2113966.8,72.884854,19.106594,32.9,5.468,39.375,11.943,FREE,TIDE_ARABIAN_SEA,NO
2177145501,277521.07,2114526.56,72.885149,19.111654,32.259,4.827,40.5,13.068,FREE,TIDE_ARABIAN_SEA,NO
2177146201,277665.2,2114216.4,72.886554,19.108869,33.357,5.925,40.771,13.339,FREE,TIDE_ARABIAN_SEA,NO
2177146002,277656.5,2114070.5,72.886488,19.10755,30.7,3.268,37.318,9.886,FREE,TIDE_ARABIAN_SEA,NO
2177155202,277579.6,2115259.3,72.885621,19.118278,34.25,6.818,40.075,12.643,FREE,TIDE_ARABIAN_SEA,NO
2177157901,277711.1,2115946.8,72.886791,19.124501,35.859,8.427,41.422,13.99,FREE,TIDE_ARABIAN_SEA,NO
2177157801,277755.6,2115831.8,72.887227,19.123468,35.887,8.455,40.474,13.042,FREE,TIDE_ARABIAN_SEA,NO
2177164301,277444.8,2116316.1,72.884218,19.127808,38.229,10.797,45.636,18.204,FREE,TIDE_ARABIAN_SEA,NO
2177165201,277502.5,2116280.6,72.884771,19.127493,36.841,9.409,44.111,16.679,FREE,TIDE_ARABIAN_SEA,NO
2178105401,278525.2,2110484.0,72.895151,19.075253,26.001,-1.431,31.233,3.801,FREE,TIDE_ARABIAN_SEA,NO
2179155401,279599.9,2115491.0,72.90479,19.12059,55.868,28.436,60.426,32.994,FREE,TIDE_ARABIAN_SEA,NO
2179157501,279798.0,2115561.5,72.906665,19.121248,55.93,28.498,60.081,32.649,FREE,TIDE_ARABIAN_SEA,NO
2179159601,279903.9,2115622.9,72.907664,19.121814,56.231,28.799,59.951,32.519,FREE,TIDE_ARABIAN_SEA,NO
2179159801,279990.9,2115846.2,72.908465,19.123841,57.627,30.195,64.319,36.887,FREE,TIDE_ARABIAN_SEA,NO
2183082601,283221.7,2108648.5,72.939969,19.059179,22.492,-4.94,29.432,2.0,FREE,TIDE_ARABIAN_SEA,NO
2183144703,283432.9,2114762.6,72.941292,19.114423,24.445,-2.987,35.798,8.366,FREE,TIDE_ARABIAN_SEA,NO
2183146801,283692.2,2114855.4,72.943746,19.115288,23.3,-4.132,31.369,3.937,FREE,TIDE_ARABIAN_SEA,NO
2183178102,283894.0,2117192.6,72.945402,19.136419,23.0,-4.432,32.432,5.0,FREE,TIDE_ARABIAN_SEA,NO
2184044701,284414.5,2104790.7,72.951726,19.024463,25.0,-2.432,27.62,0.188,FREE,TIDE_ARABIAN_SEA,NO
2184059501,284991.2,2105554.2,72.957118,19.031419,23.2,-4.232,27.932,0.5,FREE,TIDE_ARABIAN_SEA,NO
2184097401,284759.1,2109492.7,72.954478,19.066967,22.0,-5.432,28.812,1.38,FREE,TIDE_ARABIAN_SEA,NO
2184185101,284546.1,2118190.1,72.951488,19.145497,26.0,-1.432,30.653,3.221,FREE,TIDE_ARABIAN_SEA,NO
2184187501,284789.0,2118582.4,72.953752,19.149066,25.65,-1.782,29.771,2.339,FREE,TIDE_ARABIAN_SEA,NO
2184189801,284938.1,2118841.1,72.95514,19.151418,25.562,-1.87,32.453,5.021,FREE,TIDE_ARABIAN_SEA,NO
2185075401,285564.9,2107477.7,72.962355,19.048852,23.57,-3.862,27.932,0.5,FREE,TIDE_ARABIAN_SEA,NO
2185193401,285368.3,2119497.7,72.959156,19.157394,25.373,-2.059,33.343,5.911,FREE,TIDE_ARABIAN_SEA,NO
2186202201,286282.9,2120258.3,72.967764,19.16436,25.91,-1.522,29.653,2.221,FREE,TIDE_ARABIAN_SEA,NO
2186207801,286729.0,2120834.0,72.971941,19.169607,23.0,-4.432,27.999,0.567,FREE,TIDE_ARABIAN_SEA,NO
