timeseries_id,datetime,rainfall_15min_mm,intensity_mm_per_hr
TS_2005_JULY26,2005-07-26 00:00:00,0.018,0.07
TS_2005_JULY26,2005-07-26 00:15:00,0.036,0.14
TS_2005_JULY26,2005-07-26 00:30:00,0.054,0.22
TS_2005_JULY26,2005-07-26 00:45:00,0.081,0.32
TS_2005_JULY26,2005-07-26 01:00:00,0.117,0.47
TS_2005_JULY26,2005-07-26 01:15:00,0.144,0.58
TS_2005_JULY26,2005-07-26 01:30:00,0.144,0.58
TS_2005_JULY26,2005-07-26 01:45:00,0.117,0.47
TS_2005_JULY26,2005-07-26 02:00:00,0.081,0.32
TS_2005_JULY26,2005-07-26 02:15:00,0.054,0.22
TS_2005_JULY26,2005-07-26 02:30:00,0.036,0.14
TS_2005_JULY26,2005-07-26 02:45:00,0.018,0.07
TS_2005_JULY26,2005-07-26 03:00:00,0.0,0.0
TS_2005_JULY26,2005-07-26 03:15:00,0.0,0.0
TS_2005_JULY26,2005-07-26 03:30:00,0.0,0.0
TS_2005_JULY26,2005-07-26 03:45:00,0.0,0.0
TS_2005_JULY26,2005-07-26 04:00:00,0.0,0.0
TS_2005_JULY26,2005-07-26 04:15:00,0.0,0.0
TS_2005_JULY26,2005-07-26 04:30:00,0.0,0.0
TS_2005_JULY26,2005-07-26 04:45:00,0.0,0.0
TS_2005_JULY26,2005-07-26 05:00:00,0.0,0.0
TS_2005_JULY26,2005-07-26 05:15:00,0.0,0.0
TS_2005_JULY26,2005-07-26 05:30:00,0.0,0.0
TS_2005_JULY26,2005-07-26 05:45:00,0.0,0.0
TS_2005_JULY26,2005-07-26 06:00:00,0.35,1.4
TS_2005_JULY26,2005-07-26 06:15:00,0.7,2.8
TS_2005_JULY26,2005-07-26 06:30:00,1.05,4.2
TS_2005_JULY26,2005-07-26 06:45:00,1.575,6.3
TS_2005_JULY26,2005-07-26 07:00:00,2.275,9.1
TS_2005_JULY26,2005-07-26 07:15:00,2.8,11.2
TS_2005_JULY26,2005-07-26 07:30:00,2.8,11.2
TS_2005_JULY26,2005-07-26 07:45:00,2.275,9.1
TS_2005_JULY26,2005-07-26 08:00:00,1.575,6.3
TS_2005_JULY26,2005-07-26 08:15:00,1.05,4.2
TS_2005_JULY26,2005-07-26 08:30:00,0.7,2.8
TS_2005_JULY26,2005-07-26 08:45:00,0.35,1.4
TS_2005_JULY26,2005-07-26 09:00:00,8.634,34.54
TS_2005_JULY26,2005-07-26 09:15:00,17.268,69.07
TS_2005_JULY26,2005-07-26 09:30:00,25.902,103.61
TS_2005_JULY26,2005-07-26 09:45:00,38.853,155.41
TS_2005_JULY26,2005-07-26 10:00:00,56.121,224.48
TS_2005_JULY26,2005-07-26 10:15:00,69.072,276.29
TS_2005_JULY26,2005-07-26 10:30:00,69.072,276.29
TS_2005_JULY26,2005-07-26 10:45:00,56.121,224.48
TS_2005_JULY26,2005-07-26 11:00:00,38.853,155.41
TS_2005_JULY26,2005-07-26 11:15:00,25.902,103.61
TS_2005_JULY26,2005-07-26 11:30:00,17.268,69.07
TS_2005_JULY26,2005-07-26 11:45:00,8.634,34.54
TS_2005_JULY26,2005-07-26 12:00:00,4.352,17.41
TS_2005_JULY26,2005-07-26 12:15:00,8.704,34.82
TS_2005_JULY26,2005-07-26 12:30:00,13.056,52.22
TS_2005_JULY26,2005-07-26 12:45:00,19.584,78.34
TS_2005_JULY26,2005-07-26 13:00:00,28.288,113.15
TS_2005_JULY26,2005-07-26 13:15:00,34.816,139.26
TS_2005_JULY26,2005-07-26 13:30:00,34.816,139.26
TS_2005_JULY26,2005-07-26 13:45:00,28.288,113.15
TS_2005_JULY26,2005-07-26 14:00:00,19.584,78.34
TS_2005_JULY26,2005-07-26 14:15:00,13.056,52.22
TS_2005_JULY26,2005-07-26 14:30:00,8.704,34.82
TS_2005_JULY26,2005-07-26 14:45:00,4.352,17.41
TS_2005_JULY26,2005-07-26 15:00:00,2.024,8.1
TS_2005_JULY26,2005-07-26 15:15:00,4.048,16.19
TS_2005_JULY26,2005-07-26 15:30:00,6.072,24.29
TS_2005_JULY26,2005-07-26 15:45:00,9.108,36.43
TS_2005_JULY26,2005-07-26 16:00:00,13.156,52.62
TS_2005_JULY26,2005-07-26 16:15:00,16.192,64.77
TS_2005_JULY26,2005-07-26 16:30:00,16.192,64.77
TS_2005_JULY26,2005-07-26 16:45:00,13.156,52.62
TS_2005_JULY26,2005-07-26 17:00:00,9.108,36.43
TS_2005_JULY26,2005-07-26 17:15:00,6.072,24.29
TS_2005_JULY26,2005-07-26 17:30:00,4.048,16.19
TS_2005_JULY26,2005-07-26 17:45:00,2.024,8.1
TS_2005_JULY26,2005-07-26 18:00:00,2.322,9.29
TS_2005_JULY26,2005-07-26 18:15:00,4.644,18.58
TS_2005_JULY26,2005-07-26 18:30:00,6.966,27.86
TS_2005_JULY26,2005-07-26 18:45:00,10.449,41.8
TS_2005_JULY26,2005-07-26 19:00:00,15.093,60.37
TS_2005_JULY26,2005-07-26 19:15:00,18.576,74.3
TS_2005_JULY26,2005-07-26 19:30:00,18.576,74.3
TS_2005_JULY26,2005-07-26 19:45:00,15.093,60.37
TS_2005_JULY26,2005-07-26 20:00:00,10.449,41.8
TS_2005_JULY26,2005-07-26 20:15:00,6.966,27.86
TS_2005_JULY26,2005-07-26 20:30:00,4.644,18.58
TS_2005_JULY26,2005-07-26 20:45:00,2.322,9.29
TS_2005_JULY26,2005-07-26 21:00:00,0.22,0.88
TS_2005_JULY26,2005-07-26 21:15:00,0.44,1.76
TS_2005_JULY26,2005-07-26 21:30:00,0.66,2.64
TS_2005_JULY26,2005-07-26 21:45:00,0.99,3.96
TS_2005_JULY26,2005-07-26 22:00:00,1.43,5.72
TS_2005_JULY26,2005-07-26 22:15:00,1.76,7.04
TS_2005_JULY26,2005-07-26 22:30:00,1.76,7.04
TS_2005_JULY26,2005-07-26 22:45:00,1.43,5.72
TS_2005_JULY26,2005-07-26 23:00:00,0.99,3.96
TS_2005_JULY26,2005-07-26 23:15:00,0.66,2.64
TS_2005_JULY26,2005-07-26 23:30:00,0.44,1.76
TS_2005_JULY26,2005-07-26 23:45:00,0.22,0.88
TS_2005_JULY26,2005-07-27 00:00:00,0.964,3.86
TS_2005_JULY26,2005-07-27 00:15:00,1.928,7.71
TS_2005_JULY26,2005-07-27 00:30:00,2.892,11.57
TS_2005_JULY26,2005-07-27 00:45:00,4.338,17.35
TS_2005_JULY26,2005-07-27 01:00:00,6.266,25.06
TS_2005_JULY26,2005-07-27 01:15:00,7.712,30.85
TS_2005_JULY26,2005-07-27 01:30:00,7.712,30.85
TS_2005_JULY26,2005-07-27 01:45:00,6.266,25.06
TS_2005_JULY26,2005-07-27 02:00:00,4.338,17.35
TS_2005_JULY26,2005-07-27 02:15:00,2.892,11.57
TS_2005_JULY26,2005-07-27 02:30:00,1.928,7.71
TS_2005_JULY26,2005-07-27 02:45:00,0.964,3.86
DESIGN_YELLOW_25MM,2026-07-01 00:00:00,1.5,6.0
DESIGN_YELLOW_25MM,2026-07-01 00:15:00,2.5,10.0
DESIGN_YELLOW_25MM,2026-07-01 00:30:00,4.0,16.0
DESIGN_YELLOW_25MM,2026-07-01 00:45:00,6.0,24.0
DESIGN_YELLOW_25MM,2026-07-01 01:00:00,9.0,36.0
DESIGN_YELLOW_25MM,2026-07-01 01:15:00,12.0,48.0
DESIGN_YELLOW_25MM,2026-07-01 01:30:00,7.0,28.0
DESIGN_YELLOW_25MM,2026-07-01 01:45:00,3.5,14.0
DESIGN_YELLOW_25MM,2026-07-01 02:00:00,2.0,8.0
DESIGN_YELLOW_25MM,2026-07-01 02:15:00,1.0,4.0
DESIGN_YELLOW_25MM,2026-07-01 02:30:00,1.0,4.0
DESIGN_YELLOW_25MM,2026-07-01 02:45:00,0.5,2.0
DESIGN_ORANGE_50MM,2026-07-01 00:00:00,3.0,12.0
DESIGN_ORANGE_50MM,2026-07-01 00:15:00,5.0,20.0
DESIGN_ORANGE_50MM,2026-07-01 00:30:00,8.0,32.0
DESIGN_ORANGE_50MM,2026-07-01 00:45:00,12.0,48.0
DESIGN_ORANGE_50MM,2026-07-01 01:00:00,18.0,72.0
DESIGN_ORANGE_50MM,2026-07-01 01:15:00,24.0,96.0
DESIGN_ORANGE_50MM,2026-07-01 01:30:00,14.0,56.0
DESIGN_ORANGE_50MM,2026-07-01 01:45:00,7.0,28.0
DESIGN_ORANGE_50MM,2026-07-01 02:00:00,4.0,16.0
DESIGN_ORANGE_50MM,2026-07-01 02:15:00,2.0,8.0
DESIGN_ORANGE_50MM,2026-07-01 02:30:00,2.0,8.0
DESIGN_ORANGE_50MM,2026-07-01 02:45:00,1.0,4.0
DESIGN_RED_100MM,2026-07-01 00:00:00,6.0,24.0
DESIGN_RED_100MM,2026-07-01 00:15:00,10.0,40.0
DESIGN_RED_100MM,2026-07-01 00:30:00,16.0,64.0
DESIGN_RED_100MM,2026-07-01 00:45:00,24.0,96.0
DESIGN_RED_100MM,2026-07-01 01:00:00,36.0,144.0
DESIGN_RED_100MM,2026-07-01 01:15:00,48.0,192.0
DESIGN_RED_100MM,2026-07-01 01:30:00,28.0,112.0
DESIGN_RED_100MM,2026-07-01 01:45:00,14.0,56.0
DESIGN_RED_100MM,2026-07-01 02:00:00,8.0,32.0
DESIGN_RED_100MM,2026-07-01 02:15:00,4.0,16.0
DESIGN_RED_100MM,2026-07-01 02:30:00,4.0,16.0
DESIGN_RED_100MM,2026-07-01 02:45:00,2.0,8.0
DESIGN_CLOUDBURST_150MM,2026-07-01 00:00:00,9.0,36.0
DESIGN_CLOUDBURST_150MM,2026-07-01 00:15:00,15.0,60.0
DESIGN_CLOUDBURST_150MM,2026-07-01 00:30:00,24.0,96.0
DESIGN_CLOUDBURST_150MM,2026-07-01 00:45:00,36.0,144.0
DESIGN_CLOUDBURST_150MM,2026-07-01 01:00:00,54.0,216.0
DESIGN_CLOUDBURST_150MM,2026-07-01 01:15:00,72.0,288.0
DESIGN_CLOUDBURST_150MM,2026-07-01 01:30:00,42.0,168.0
DESIGN_CLOUDBURST_150MM,2026-07-01 01:45:00,21.0,84.0
DESIGN_CLOUDBURST_150MM,2026-07-01 02:00:00,12.0,48.0
DESIGN_CLOUDBURST_150MM,2026-07-01 02:15:00,6.0,24.0
DESIGN_CLOUDBURST_150MM,2026-07-01 02:30:00,6.0,24.0
DESIGN_CLOUDBURST_150MM,2026-07-01 02:45:00,3.0,12.0
