feature,gain,permutation_ap_decrease_mean,permutation_ap_decrease_std,group
is_critical_asset_cell,59.517486572265625,-0.00043584232257489754,0.0003693006041691062,GIS
distance_to_drain,22.506813049316406,0.036660593983775705,0.0052778179751862535,GIS
elevation_mean,19.87928009033203,0.018190516956237746,0.0038645629148094498,GIS
swmm_peak_conduit_velocity_m_s,17.685731887817383,0.16552333308166847,0.010096474544265838,SWMM
has_railway,17.07974624633789,0.028349419086292228,0.010540583890640743,GIS
distance_to_water,14.885096549987793,0.1830142868969044,0.005850235010351504,GIS
building_count,14.483903884887695,0.031924929947480106,0.003032970377253806,GIS
swmm_nearest_node_depth_proxy_m,13.554692268371582,0.04869448056448522,0.008777603759727007,SWMM
swmm_node_flooding_m3,11.87552547454834,0.003667151025720239,0.0004670997771256816,SWMM
swmm_peak_conduit_flow_m3s,11.695958137512207,0.06095137775709296,0.005066201449421063,SWMM
building_density,11.062456130981445,0.0019895932611947,0.0006600304785713999,GIS
swmm_subcatchment_runoff_mm,10.405089378356934,0.0029242630877152286,0.0012828044178720586,SWMM
flow_accumulation_area_km2,10.29389762878418,0.0009817418755552643,0.0005302261959596512,GIS
slope_mean,9.730627059936523,0.02933854384385437,0.0025676633337722533,GIS
road_length_m,9.172197341918945,0.01063762351271882,0.0016391511794700366,GIS
flow_accumulation,8.553170204162598,0.008566257100945806,0.00217811427976732,GIS
drain_density,8.454778671264648,0.002860320388423809,0.0012728541694394181,GIS
drainage_stress_index,7.854095935821533,0.0036953001635855022,0.001345842773360836,GIS
topographic_wetness_index,7.744500160217285,0.0164958306727238,0.002844635082531422,GIS
vegetation_fraction,7.256321430206299,0.030174723822488668,0.00487020654843287,GIS
swmm_surface_runoff_mm,7.251453399658203,0.0,0.0,SWMM
drain_capacity_proxy_m2,7.151270866394043,0.0008119226475691299,0.0004968047644981332,GIS
flow_accumulation_log,6.93621301651001,0.0,0.0,GIS
built_up_fraction,5.0457282066345215,0.0020010316698066077,0.0003403225873077475,GIS
water_fraction,4.490688800811768,0.0013880447447730316,0.00033832640304436233,GIS
silt_percent,0.0,0.0,0.0,GIS
clay_percent,0.0,0.0,0.0,GIS
mangrove_fraction,0.0,0.0,0.0,GIS
sand_percent,0.0,0.0,0.0,GIS
infiltration_proxy,0.0,0.0,0.0,GIS
has_hospital,0.0,0.0,0.0,GIS
rainfall_24h_mm,0.0,0.0,0.0,rainfall
rainfall_12h_mm,0.0,0.0,0.0,rainfall
rainfall_6h_mm,0.0,0.0,0.0,rainfall
rainfall_3h_mm,0.0,0.0,0.0,rainfall
rainfall_1h_mm,0.0,0.0,0.0,rainfall
rainfall_total_mm,0.0,0.0,0.0,rainfall
peak_15min_mm,0.0,0.0,0.0,rainfall
peak_1h_mm,0.0,0.0,0.0,rainfall
